id_venta,fecha,sucursal,producto,categoria,cantidad,precio_unitario,monto_total,cliente
2642,2024-01-01,Palermo,Auriculares Bluetooth,Electrónica,3,18396.37,55189.11,Emilia Josefina Juarez
1373,2024-01-01,Nuñez,Remera Básica,Indumentaria,2,8865.2,17730.4,Benjamin Castro Chavez
2445,2024-01-02,Palermo,Pelota de Fútbol,Deportes,5,11656.5,58282.5,Milo Dominguez
424,2024-01-02,Nuñez,Cargador USB-C,Electrónica,4,6651.18,26604.72,Catalina Duarte Vazquez
1256,2024-01-03,Belgrano,Juego de Sábanas,Hogar,1,14793.6,14793.6,Lautaro Benjamin Duarte Gomez
2999,2024-01-03,Nuñez,Auriculares Bluetooth,Electrónica,1,18158.1,18158.1,Joaquin Chavez
1923,2024-01-04,Belgrano,Cargador USB-C,Electrónica,3,6778.07,20334.21,Clara Rodriguez
2489,2024-01-04,Belgrano,Juego de Sábanas,Hogar,1,15218.56,15218.56,Valentina Jazmin Acuña Gomez
2005,2024-01-05,Palermo,Auriculares Bluetooth,Electrónica,1,17499.24,17499.24,Juan Sebastian Valentino Ramirez
791,2024-01-05,Nuñez,Auriculares Bluetooth,Electrónica,2,17311.51,34623.02,Sr(a). Mateo Rodriguez
1729,2024-01-05,Palermo,Botella Térmica,Deportes,3,9527.65,28582.95,Lorenzo Toledo
2814,2024-01-05,Belgrano,Campera de Abrigo,Indumentaria,1,31096.27,31096.27,Juan Sebastian Catalina Cordoba
1127,2024-01-05,Palermo,Pelota de Fútbol,Deportes,5,12276.44,61382.2,Bruno Franco
2903,2024-01-06,Belgrano,Juego de Sábanas,Hogar,4,15697.64,62790.56,Julia Alvarez
2094,2024-01-06,Nuñez,Botella Térmica,Deportes,3,10462.15,31386.45,Maximo Lopez Flores
1511,2024-01-06,Palermo,Pelota de Fútbol,Deportes,2,11639.12,23278.24,Santino Torres Rios
807,2024-01-06,Nuñez,Parlante Portátil,Electrónica,1,23850.15,23850.15,Micaela Renata Navarro Martinez
2993,2024-01-06,Belgrano,Auriculares Bluetooth,Electrónica,4,17844.37,71377.48,Sr(a). Thiago Nicolas Torres
2735,2024-01-07,Belgrano,Cargador USB-C,Electrónica,3,6334.17,19002.51,Sr(a). Lucia Sanchez
2939,2024-01-07,Belgrano,Parlante Portátil,Electrónica,3,25276.86,75830.58,Thiago Mateo Benjamin Alvarez
272,2024-01-07,Belgrano,Parlante Portátil,Electrónica,2,24866.84,49733.68,Francesco Mia Garcia
2836,2024-01-07,Belgrano,Juego de Sábanas,Hogar,1,15280.96,15280.96,Ciro Farias Rodriguez
983,2024-01-07,Belgrano,Juego de Sábanas,Hogar,4,14761.98,59047.92,Isabella Arias Castro
1029,2024-01-08,Belgrano,Auriculares Bluetooth,Electrónica,4,17299.7,69198.8,Agustina Garcia Fernandez
2808,2024-01-08,Palermo,Juego de Sábanas,Hogar,3,15070.54,45211.62,Lucas Santino Benjamin Diaz Luna
2769,2024-01-09,Palermo,Pelota de Fútbol,Deportes,2,12143.71,24287.42,Lautaro Ezequiel Zoe Valentina Alvarez Ruiz
2603,2024-01-09,Belgrano,Campera de Abrigo,Indumentaria,5,30751.15,153755.75,Alejo Lautaro Gabriel Correa Ponce
1647,2024-01-09,Palermo,Campera de Abrigo,Indumentaria,4,30881.58,123526.32,Dr(a). Victoria Ortiz
1543,2024-01-09,Nuñez,Campera de Abrigo,Indumentaria,4,31471.08,125884.32,Dr(a). Alma Gomez
665,2024-01-09,Palermo,Set de Vasos,Hogar,3,8130.39,24391.17,Lola Cardozo Ledesma
521,2024-01-10,Nuñez,Botella Térmica,Deportes,3,9945.67,29837.01,Dr(a). Gael Martinez
2669,2024-01-10,Palermo,Pelota de Fútbol,Deportes,5,11921.75,59608.75,Julieta Dominguez Miranda
2963,2024-01-10,Nuñez,Auriculares Bluetooth,Electrónica,3,18125.78,54377.34,Thiago Ezequiel Ramirez Gutierrez
2751,2024-01-10,Belgrano,Campera de Abrigo,Indumentaria,2,31037.77,62075.54,Federico Ramos
1055,2024-01-11,Belgrano,Auriculares Bluetooth,Electrónica,1,18098.44,18098.44,Luciano Josefina Torres
2412,2024-01-11,Palermo,Remera Básica,Indumentaria,4,9233.59,36934.36,Oriana Emanuel Silva
1534,2024-01-11,Palermo,Auriculares Bluetooth,Electrónica,3,17928.63,53785.89,Giuliana Helena Carrizo
1264,2024-01-12,Nuñez,Auriculares Bluetooth,Electrónica,4,18323.83,73295.32,Morena Fernandez
2971,2024-01-12,Belgrano,Parlante Portátil,Electrónica,4,23931.68,95726.72,Thiago Leonel Matilda Silva
1099,2024-01-12,Palermo,Campera de Abrigo,Indumentaria,2,31810.11,63620.22,Sr(a). Juan Bautista Ruiz
2347,2024-01-13,Palermo,Parlante Portátil,Electrónica,1,25752.99,25752.99,Zoe Jazmin Peralta
1606,2024-01-13,Nuñez,Parlante Portátil,Electrónica,5,25613.64,128068.2,Joaquin Angel Gabriel Aguirre Gomez
323,2024-01-13,Palermo,Botella Térmica,Deportes,4,10279.17,41116.68,Valentina Joaquin Fernandez
97,2024-01-13,Palermo,Pelota de Fútbol,Deportes,4,11974.46,47897.84,Tiziano Valentin Lopez
2350,2024-01-13,Belgrano,Juego de Sábanas,Hogar,1,15022.05,15022.05,Victoria Catalina Alvarez
1075,2024-01-13,Palermo,Set de Vasos,Hogar,5,8391.42,41957.1,Alma Jazmin Molina Ojeda
625,2024-01-13,Palermo,Campera de Abrigo,Indumentaria,2,31631.35,63262.7,Juan Cruz Garcia
1133,2024-01-13,Belgrano,Parlante Portátil,Electrónica,1,25360.99,25360.99,Manuel Valentino Duarte Rojas
404,2024-01-13,Palermo,Parlante Portátil,Electrónica,2,24076.79,48153.58,Sofia Fernandez
2418,2024-01-13,Belgrano,Juego de Sábanas,Hogar,5,14427.78,72138.9,Sr(a). Juan Pablo Alvarez
594,2024-01-13,Palermo,Botella Térmica,Deportes,4,10081.01,40324.04,Lisandro Castro Toledo
2713,2024-01-13,Nuñez,Auriculares Bluetooth,Electrónica,1,18795.74,18795.74,Emilia Herrera
2109,2024-01-14,Nuñez,Botella Térmica,Deportes,4,9833.85,39335.4,Benjamin Perez Moyano
2244,2024-01-14,Nuñez,Juego de Sábanas,Hogar,4,15225.94,60903.76,Dr(a). Valentino Campos
1525,2024-01-14,Belgrano,Set de Vasos,Hogar,1,8117.77,8117.77,Agustin Ciro Ponce
856,2024-01-14,Palermo,Remera Básica,Indumentaria,3,8885.71,26657.13,Dr(a). Mia Morena Carrizo
1674,2024-01-15,Nuñez,Auriculares Bluetooth,Electrónica,1,18603.68,18603.68,Delfina Gomez
1861,2024-01-15,Palermo,Pelota de Fútbol,Deportes,2,11946.29,23892.58,Sr(a). Luisina Perez
1435,2024-01-16,Palermo,Juego de Sábanas,Hogar,3,14378.31,43134.93,Kiara Fernandez Godoy
298,2024-01-16,Belgrano,Remera Básica,Indumentaria,2,9415.87,18831.74,Sr(a). Tomas Dominguez
2396,2024-01-16,Nuñez,Remera Básica,Indumentaria,4,8780.78,35123.12,Joaquina Benjamin Alejandro Castillo
1881,2024-01-17,Palermo,Juego de Sábanas,Hogar,1,14560.63,14560.63,Benjamin Medina Rivero
779,2024-01-17,Nuñez,Pelota de Fútbol,Deportes,1,11805.26,11805.26,Sebastian Santino Agustin Duarte
741,2024-01-17,Nuñez,Cargador USB-C,Electrónica,4,6602.65,26410.6,Catalina Valentina Sosa
287,2024-01-17,Nuñez,Campera de Abrigo,Indumentaria,1,30722.87,30722.87,Alma Acosta
91,2024-01-18,Belgrano,Campera de Abrigo,Indumentaria,2,31694.08,63388.16,Delfina Milagros Ruiz
2761,2024-01-19,Palermo,Set de Vasos,Hogar,3,8243.94,24731.82,Benjamin Ezequiel Gomez Vega
2518,2024-01-19,Palermo,Auriculares Bluetooth,Electrónica,4,18857.51,75430.04,Dr(a). Santino Rodriguez
1334,2024-01-19,Belgrano,Auriculares Bluetooth,Electrónica,5,18878.32,94391.6,Ignacio Paez Gomez
2793,2024-01-19,Nuñez,Set de Vasos,Hogar,1,8253.25,8253.25,Santiago Tiziana Gomez
1015,2024-01-20,Belgrano,Cargador USB-C,Electrónica,5,6613.81,33069.05,Valentino Juan Bautista Gomez Torres
900,2024-01-20,Palermo,Botella Térmica,Deportes,5,10362.71,51813.55,Benjamin Fernandez Moreno
666,2024-01-20,Palermo,Remera Básica,Indumentaria,4,8758.05,35032.2,Facundo Pilar Nuñez Aguero
2825,2024-01-20,Palermo,Pelota de Fútbol,Deportes,3,11922.16,35766.48,Sebastian Delfina Castro Franco
19,2024-01-20,Belgrano,Remera Básica,Indumentaria,3,9340.85,28022.55,Bautista Ian Ezequiel Ortiz Vera
253,2024-01-20,Palermo,Cargador USB-C,Electrónica,4,6273.43,25093.72,Dr(a). Catalina Ruiz
2955,2024-01-20,Belgrano,Set de Vasos,Hogar,5,8006.11,40030.55,Sr(a). Mia Jazmin Lopez
81,2024-01-21,Palermo,Juego de Sábanas,Hogar,2,14439.33,28878.66,Pedro Martina Torres
2077,2024-01-21,Nuñez,Set de Vasos,Hogar,3,7900.42,23701.26,Dr(a). Bautista Fernandez
426,2024-01-21,Belgrano,Auriculares Bluetooth,Electrónica,1,17233.56,17233.56,Tomas Benjamin Molina
208,2024-01-21,Nuñez,Botella Térmica,Deportes,4,9543.53,38174.12,Paula Garcia
1175,2024-01-21,Palermo,Botella Térmica,Deportes,5,10283.47,51417.35,Sr(a). Bautista Fernandez
1784,2024-01-21,Belgrano,Campera de Abrigo,Indumentaria,3,33379.01,100137.03,Dr(a). Tomàs Benitez
603,2024-01-21,Belgrano,Set de Vasos,Hogar,3,8293.89,24881.67,Juan Cruz Abigail Diaz Sanchez
444,2024-01-21,Palermo,Campera de Abrigo,Indumentaria,3,31395.04,94185.12,Juan Bautista Coronel
1241,2024-01-22,Belgrano,Campera de Abrigo,Indumentaria,1,32843.03,32843.03,Florencia Suarez Luna
2425,2024-01-22,Nuñez,Juego de Sábanas,Hogar,4,14937.71,59750.84,Maria Guadalupe Sosa
1778,2024-01-22,Palermo,Cargador USB-C,Electrónica,1,6390.48,6390.48,Dr(a). Isabella Gonzalez
2862,2024-01-23,Belgrano,Pelota de Fútbol,Deportes,5,11412.28,57061.4,Lucas Milagros Mendoza Sanchez
1639,2024-01-23,Nuñez,Set de Vasos,Hogar,1,8296.58,8296.58,Benjamin Valentin Gonzalez Sanchez
839,2024-01-24,Palermo,Set de Vasos,Hogar,4,8141.65,32566.6,Lautaro Ezequiel Luciano Garcia Alvarez
824,2024-01-24,Belgrano,Parlante Portátil,Electrónica,5,26079.3,130396.5,Mateo Agustin Romero
2027,2024-01-24,Belgrano,Set de Vasos,Hogar,3,7862.2,23586.6,Valentino Paz
1899,2024-01-25,Palermo,Parlante Portátil,Electrónica,5,24216.98,121084.9,Maria Emilia Matilda Peralta
2236,2024-01-25,Nuñez,Remera Básica,Indumentaria,2,8980.17,17960.34,Mateo Benjamin Thiago Benjamin Olivera
50,2024-01-26,Belgrano,Botella Térmica,Deportes,3,10282.39,30847.17,Sebastian Figueroa
507,2024-01-26,Palermo,Botella Térmica,Deportes,1,10170.25,10170.25,Facundo Gutierrez Medina
339,2024-01-26,Belgrano,Remera Básica,Indumentaria,3,8924.38,26773.14,Ignacio Castro Alvarez
109,2024-01-27,Belgrano,Auriculares Bluetooth,Electrónica,5,18156.82,90784.1,Felicitas Francisco Diaz
1701,2024-01-27,Palermo,Botella Térmica,Deportes,2,9524.14,19048.28,Benjamin Benjamin Castro
1650,2024-01-27,Palermo,Parlante Portátil,Electrónica,1,25698.66,25698.66,Antonella Sanchez
942,2024-01-27,Nuñez,Pelota de Fútbol,Deportes,1,11873.0,11873.0,Victoria Ciro Benjamin Valdez
1837,2024-01-27,Nuñez,Campera de Abrigo,Indumentaria,3,31665.72,94997.16,Luna Nuñez
2089,2024-01-27,Belgrano,Auriculares Bluetooth,Electrónica,1,17105.03,17105.03,Genaro Moreno Perez
677,2024-01-27,Nuñez,Juego de Sábanas,Hogar,4,14451.13,57804.52,Ian Benjamin Zoe Flores Gomez
2142,2024-01-27,Nuñez,Juego de Sábanas,Hogar,1,14812.79,14812.79,Sr(a). Santino Gonzalez
2252,2024-01-28,Palermo,Parlante Portátil,Electrónica,1,25970.26,25970.26,Constanza Gimenez Lopez
1652,2024-01-28,Palermo,Set de Vasos,Hogar,4,7698.49,30793.96,Felicitas Molina
2558,2024-01-29,Nuñez,Campera de Abrigo,Indumentaria,3,32674.42,98023.26,Tiziano Agostina Sanchez
54,2024-01-29,Belgrano,Botella Térmica,Deportes,3,9678.57,29035.71,Jeremias Rojas Gonzalez
2840,2024-01-29,Belgrano,Parlante Portátil,Electrónica,5,24399.18,121995.9,Agustina Nahiara Jazmin Ruiz Miranda
1547,2024-01-30,Nuñez,Campera de Abrigo,Indumentaria,2,33351.53,66703.06,Maria Victoria Delfina Maidana
1155,2024-01-30,Palermo,Cargador USB-C,Electrónica,3,6761.72,20285.16,Santiago Maite Maldonado
906,2024-01-30,Palermo,Set de Vasos,Hogar,3,8126.94,24380.82,Valentino Ojeda Chavez
447,2024-01-30,Nuñez,Botella Térmica,Deportes,2,10336.98,20673.96,Zoe Sofia Gimenez Gimenez
1057,2024-01-31,Palermo,Remera Básica,Indumentaria,3,8706.73,26120.19,Dr(a). Tiziano Cabrera
2,2024-01-31,Palermo,Botella Térmica,Deportes,2,10005.36,20010.72,Amparo Paez Rodriguez
1414,2024-01-31,Nuñez,Set de Vasos,Hogar,4,7808.7,31234.8,Sr(a). Catalina Pereyra
1580,2024-01-31,Belgrano,Set de Vasos,Hogar,5,7733.39,38666.95,Sr(a). Ciro Avila
154,2024-02-01,Nuñez,Juego de Sábanas,Hogar,4,15520.95,62083.8,Dr(a). Juan Cruz Martinez
2346,2024-02-01,Belgrano,Cargador USB-C,Electrónica,5,6525.28,32626.4,Juan Martin Lopez Fernandez
2728,2024-02-01,Nuñez,Botella Térmica,Deportes,4,9975.8,39903.2,Thiago Garcia Duarte
2083,2024-02-01,Palermo,Auriculares Bluetooth,Electrónica,2,18463.61,36927.22,Renata Gonzalez Ayala
2666,2024-02-01,Palermo,Remera Básica,Indumentaria,1,9026.87,9026.87,Catalina Valentina Molina Romero
714,2024-02-02,Nuñez,Remera Básica,Indumentaria,1,8997.35,8997.35,Francisco Gimenez Gonzalez
1791,2024-02-02,Nuñez,Remera Básica,Indumentaria,5,8559.61,42798.05,Sofía Santino Ramirez
624,2024-02-02,Belgrano,Set de Vasos,Hogar,2,7644.83,15289.66,Dr(a). Lautaro Gomez
2909,2024-02-02,Belgrano,Juego de Sábanas,Hogar,2,15435.06,30870.12,Camilo Benjamin Perez Garcia
2772,2024-02-02,Palermo,Campera de Abrigo,Indumentaria,5,30953.26,154766.3,Sr(a). Catalina Nuñez
2636,2024-02-02,Palermo,Remera Básica,Indumentaria,2,9415.06,18830.12,Pedro Pedro Fernandez
2726,2024-02-02,Palermo,Parlante Portátil,Electrónica,2,24727.31,49454.62,Martina Alvaro Campos
104,2024-02-03,Belgrano,Pelota de Fútbol,Deportes,3,12243.59,36730.77,Julieta Diaz Caceres
2980,2024-02-03,Belgrano,Pelota de Fútbol,Deportes,5,11921.73,59608.65,Tiziano Julieta Vera
2846,2024-02-03,Palermo,Botella Térmica,Deportes,1,10335.55,10335.55,Dr(a). Catalina Ayala
813,2024-02-03,Nuñez,Auriculares Bluetooth,Electrónica,3,18356.5,55069.5,Juan Ignacio Pedro Olivera
1578,2024-02-03,Belgrano,Set de Vasos,Hogar,5,8374.18,41870.9,Santino Felipe Diaz
314,2024-02-03,Palermo,Auriculares Bluetooth,Electrónica,3,17128.18,51384.54,Lorenzo Medina Rodriguez
2746,2024-02-03,Nuñez,Cargador USB-C,Electrónica,5,6725.14,33625.7,Morena Morales
1429,2024-02-04,Nuñez,Juego de Sábanas,Hogar,5,14826.26,74131.3,Máximo Valentina Correa Lopez
2532,2024-02-04,Palermo,Set de Vasos,Hogar,3,7626.42,22879.26,Miguel Angel Bruno Lopez Fernandez
626,2024-02-04,Palermo,Pelota de Fútbol,Deportes,1,12025.37,12025.37,Benjamin Romero Gomez
1179,2024-02-05,Nuñez,Cargador USB-C,Electrónica,1,6504.0,6504.0,Milagros Rojas Alvarez
2366,2024-02-05,Belgrano,Auriculares Bluetooth,Electrónica,1,17922.68,17922.68,Emilia Fernandez Medina
2710,2024-02-05,Palermo,Set de Vasos,Hogar,2,8072.52,16145.04,Sr(a). Luz Milagros Gomez
2675,2024-02-07,Nuñez,Auriculares Bluetooth,Electrónica,5,18172.04,90860.2,Felipe Ana Paula Rodriguez
2705,2024-02-08,Palermo,Set de Vasos,Hogar,5,8037.49,40187.45,Thiago Lionel Benjamin Gomez
1971,2024-02-08,Palermo,Cargador USB-C,Electrónica,4,6686.56,26746.24,Pedro Thiago Fernandez Mansilla
527,2024-02-08,Palermo,Parlante Portátil,Electrónica,1,24194.98,24194.98,Sr(a). Zoe Ramos
1274,2024-02-08,Belgrano,Campera de Abrigo,Indumentaria,2,32583.6,65167.2,Santiago Benitez Cruz
1473,2024-02-09,Nuñez,Botella Térmica,Deportes,5,9817.53,49087.65,Lautaro Benjamin Martinez Gomez
1231,2024-02-10,Belgrano,Juego de Sábanas,Hogar,3,15640.87,46922.61,Santino Rodriguez Duarte
1891,2024-02-10,Nuñez,Campera de Abrigo,Indumentaria,3,31765.54,95296.62,Mia Valentina Benjamin Herrera
1178,2024-02-10,Palermo,Remera Básica,Indumentaria,2,9137.38,18274.76,Dr(a). Octavio Martinez
2002,2024-02-10,Belgrano,Juego de Sábanas,Hogar,5,15070.68,75353.4,Emilia Martinez
2466,2024-02-10,Nuñez,Botella Térmica,Deportes,4,10449.14,41796.56,Pedro Cardozo
1700,2024-02-10,Belgrano,Campera de Abrigo,Indumentaria,4,33127.15,132508.6,Juan David Cruz
787,2024-02-11,Nuñez,Juego de Sábanas,Hogar,5,14814.2,74071.0,Maia Joaquín Gonzalez Benitez
2459,2024-02-11,Belgrano,Campera de Abrigo,Indumentaria,4,33375.56,133502.24,Martina Valentino Rodriguez
1790,2024-02-11,Belgrano,Campera de Abrigo,Indumentaria,4,32510.11,130040.44,Helena Catalina Suarez Lopez
872,2024-02-11,Nuñez,Remera Básica,Indumentaria,4,8654.15,34616.6,Olivia Gonzalez
550,2024-02-11,Nuñez,Parlante Portátil,Electrónica,4,24329.37,97317.48,Thiago Renata Ortiz
2123,2024-02-11,Nuñez,Set de Vasos,Hogar,3,8317.09,24951.27,Charo Mendez
2232,2024-02-11,Belgrano,Botella Térmica,Deportes,3,10477.99,31433.97,Santino Aguirre Rodriguez
1691,2024-02-11,Palermo,Pelota de Fútbol,Deportes,3,11535.41,34606.23,Genaro Juan Bautista Sosa
2579,2024-02-12,Nuñez,Cargador USB-C,Electrónica,3,6813.64,20440.92,Dr(a). Francesca Blanco
1742,2024-02-12,Nuñez,Auriculares Bluetooth,Electrónica,1,17652.82,17652.82,Sr(a). Delfina Rodriguez
2348,2024-02-12,Nuñez,Cargador USB-C,Electrónica,2,6196.58,12393.16,Lautaro Benjamin Rivero
758,2024-02-12,Belgrano,Pelota de Fútbol,Deportes,5,12164.91,60824.55,Sofia Belen Sosa
1018,2024-02-12,Belgrano,Botella Térmica,Deportes,4,10461.11,41844.44,Joaquin Santino Agustin Dominguez
313,2024-02-13,Belgrano,Cargador USB-C,Electrónica,5,6484.08,32420.4,Dr(a). Bautista Guzman
1108,2024-02-14,Palermo,Juego de Sábanas,Hogar,2,14866.65,29733.3,Agustin Benjamin Flores
2395,2024-02-14,Palermo,Parlante Portátil,Electrónica,1,25774.15,25774.15,Ema Diaz
2003,2024-02-15,Belgrano,Botella Térmica,Deportes,1,9907.34,9907.34,Sr(a). Facundo Torres
1008,2024-02-16,Nuñez,Campera de Abrigo,Indumentaria,1,31487.86,31487.86,Sr(a). Joaquin Juarez
2500,2024-02-16,Belgrano,Botella Térmica,Deportes,4,10107.13,40428.52,Luz Milagros Benicio Miranda Martinez
931,2024-02-16,Palermo,Remera Básica,Indumentaria,5,9107.69,45538.45,Manuel Thiago Gomez Escobar
302,2024-02-16,Palermo,Remera Básica,Indumentaria,2,9217.13,18434.26,Sr(a). Thiago Acosta
958,2024-02-16,Belgrano,Parlante Portátil,Electrónica,3,24534.87,73604.61,Helena Isabella Alvarez Ramirez
7,2024-02-16,Nuñez,Remera Básica,Indumentaria,3,9436.7,28310.1,Felipe Maximiliano Romero Gomez
887,2024-02-16,Nuñez,Auriculares Bluetooth,Electrónica,3,17727.98,53183.94,Agustin Felipe Ledesma Morales
2491,2024-02-16,Nuñez,Botella Térmica,Deportes,2,9983.84,19967.68,Candela Lisandro Martinez Rodriguez
1461,2024-02-16,Nuñez,Cargador USB-C,Electrónica,3,6792.45,20377.35,Juan Cruz Bravo
2818,2024-02-17,Nuñez,Cargador USB-C,Electrónica,3,6767.53,20302.59,Guillermina Juan Ignacio Castro Alvarez
364,2024-02-17,Belgrano,Pelota de Fútbol,Deportes,4,11419.54,45678.16,Francesca Catalina Martinez
2117,2024-02-17,Belgrano,Campera de Abrigo,Indumentaria,1,30772.84,30772.84,Guadalupe Ana Paula Dominguez
1665,2024-02-17,Palermo,Pelota de Fútbol,Deportes,5,12267.03,61335.15,Milagros Joaquin Roldan Soto
2615,2024-02-17,Palermo,Juego de Sábanas,Hogar,2,14655.23,29310.46,Dr(a). Santiago Diaz
2431,2024-02-17,Nuñez,Campera de Abrigo,Indumentaria,1,32439.06,32439.06,Maite Maximo Villalba Sanchez
552,2024-02-17,Belgrano,Remera Básica,Indumentaria,3,8642.9,25928.7,Dr(a). Juana Diaz
2127,2024-02-18,Nuñez,Auriculares Bluetooth,Electrónica,5,18145.52,90727.6,Zoe Jazmin Máximo Olivera Herrera
2661,2024-02-18,Palermo,Remera Básica,Indumentaria,5,8633.47,43167.35,Sofia Belen Soria
2452,2024-02-18,Palermo,Juego de Sábanas,Hogar,4,14545.56,58182.24,Thiago Sanchez
2858,2024-02-18,Belgrano,Cargador USB-C,Electrónica,5,6706.12,33530.6,Sofia Constanza Gimenez Rivero
288,2024-02-19,Belgrano,Auriculares Bluetooth,Electrónica,1,17824.08,17824.08,Sebastian Sanchez
2323,2024-02-20,Belgrano,Set de Vasos,Hogar,5,7840.91,39204.55,Joaquín Caceres
2048,2024-02-20,Belgrano,Set de Vasos,Hogar,4,7970.87,31883.48,Lautaro Gabriel Genaro Peralta Valdez
684,2024-02-20,Nuñez,Botella Térmica,Deportes,4,9898.04,39592.16,Sr(a). Tomas Lopez
2385,2024-02-20,Belgrano,Remera Básica,Indumentaria,4,8747.6,34990.4,Juana Fernandez Ruiz
1995,2024-02-20,Palermo,Remera Básica,Indumentaria,3,8900.6,26701.8,Tiziano Lourdes Avila Silva
240,2024-02-21,Palermo,Remera Básica,Indumentaria,5,9344.11,46720.55,Angel Gabriel Elena Gomez
1944,2024-02-21,Palermo,Parlante Portátil,Electrónica,5,26080.03,130400.15,Santino Thiago Lionel Bustos
1983,2024-02-22,Belgrano,Campera de Abrigo,Indumentaria,2,30504.59,61009.18,Sofia Belen Lola Ramirez Silva
98,2024-02-22,Palermo,Remera Básica,Indumentaria,4,8652.68,34610.72,Paloma Gonzalez Blanco
1519,2024-02-23,Belgrano,Auriculares Bluetooth,Electrónica,4,17865.73,71462.92,Facundo Guadalupe Peralta Ledesma
1844,2024-02-23,Palermo,Botella Térmica,Deportes,2,9978.69,19957.38,Santino Torres
1789,2024-02-23,Belgrano,Auriculares Bluetooth,Electrónica,3,17573.6,52720.8,Violeta Juan Farias Rios
1431,2024-02-23,Palermo,Campera de Abrigo,Indumentaria,1,32132.96,32132.96,Mia Valentina Santino Rojas
1947,2024-02-23,Nuñez,Cargador USB-C,Electrónica,2,6362.36,12724.72,Abril Moyano
2949,2024-02-23,Nuñez,Botella Térmica,Deportes,3,10382.48,31147.44,Olivia Ferreyra Bravo
1341,2024-02-23,Nuñez,Remera Básica,Indumentaria,1,8649.72,8649.72,Bautista Mora Romero
167,2024-02-23,Belgrano,Parlante Portátil,Electrónica,5,23874.41,119372.05,Zoe Jazmin Garcia Sosa
197,2024-02-23,Nuñez,Juego de Sábanas,Hogar,3,15081.81,45245.43,Antonella Camila Coronel Gonzalez
389,2024-02-23,Belgrano,Remera Básica,Indumentaria,5,9433.27,47166.35,Dr(a). Juan Ojeda
2786,2024-02-24,Belgrano,Juego de Sábanas,Hogar,4,15568.06,62272.24,Josefina Romero
793,2024-02-24,Belgrano,Juego de Sábanas,Hogar,2,15277.87,30555.74,Alma Paez Lopez
1536,2024-02-24,Belgrano,Parlante Portátil,Electrónica,3,24195.01,72585.03,Sr(a). Simon Torres
2330,2024-02-24,Palermo,Remera Básica,Indumentaria,4,8694.24,34776.96,Sr(a). Olivia Nuñez
431,2024-02-25,Palermo,Pelota de Fútbol,Deportes,4,11505.15,46020.6,Valentino Torres
2409,2024-02-25,Nuñez,Set de Vasos,Hogar,2,7734.55,15469.1,Luca Silva
1485,2024-02-25,Belgrano,Remera Básica,Indumentaria,2,8855.86,17711.72,Thiago Delfina Herrera
1854,2024-02-25,Belgrano,Remera Básica,Indumentaria,2,9060.16,18120.32,Catalina Lucía Rios Alvarez
114,2024-02-25,Palermo,Remera Básica,Indumentaria,3,9110.37,27331.11,Delfina Cordoba
2329,2024-02-25,Belgrano,Campera de Abrigo,Indumentaria,3,32331.68,96995.04,Dr(a). Mateo Benjamin Aguirre
2229,2024-02-25,Belgrano,Remera Básica,Indumentaria,2,8583.89,17167.78,Uma Farias
2773,2024-02-25,Belgrano,Auriculares Bluetooth,Electrónica,5,17536.15,87680.75,Santiago Juarez
2253,2024-02-25,Palermo,Parlante Portátil,Electrónica,3,25285.63,75856.89,Sr(a). Francisco Fernandez
610,2024-02-25,Nuñez,Pelota de Fútbol,Deportes,4,12028.78,48115.12,Felicitas Fernandez
1384,2024-02-25,Belgrano,Botella Térmica,Deportes,3,10329.89,30989.67,Nicolas Acosta
512,2024-02-25,Nuñez,Remera Básica,Indumentaria,3,8732.78,26198.34,Martina Ramirez
1561,2024-02-25,Palermo,Campera de Abrigo,Indumentaria,3,32774.61,98323.83,Martina Paz
820,2024-02-25,Belgrano,Campera de Abrigo,Indumentaria,3,31847.71,95543.13,Martín Aguero Lucero
28,2024-02-25,Belgrano,Remera Básica,Indumentaria,1,8604.55,8604.55,Thiago Ezequiel Gomez Cruz
126,2024-02-27,Belgrano,Auriculares Bluetooth,Electrónica,3,17875.24,53625.72,Francesca Vazquez
11,2024-02-27,Palermo,Botella Térmica,Deportes,1,10305.05,10305.05,Dr(a). Dante Vega
289,2024-02-27,Nuñez,Juego de Sábanas,Hogar,3,14601.24,43803.72,Vicente Thiago Fernandez Blanco
2612,2024-02-28,Palermo,Botella Térmica,Deportes,4,9922.25,39689.0,Catalina Benjamin Campos
1049,2024-02-28,Belgrano,Set de Vasos,Hogar,5,8286.96,41434.8,Genaro Flores Acuña
2568,2024-02-28,Belgrano,Remera Básica,Indumentaria,3,8739.55,26218.65,Dr(a). Isabella Farias
20,2024-02-29,Palermo,Set de Vasos,Hogar,5,8357.56,41787.8,Ambar Camila Avila
1422,2024-02-29,Belgrano,Remera Básica,Indumentaria,1,9079.76,9079.76,Santiago Benjamin Gomez Acuña
2388,2024-02-29,Palermo,Set de Vasos,Hogar,5,8121.56,40607.8,Joaquin Gomez Campos
2964,2024-03-01,Nuñez,Campera de Abrigo,Indumentaria,4,32476.88,129907.52,Morena Jazmin Rodriguez
305,2024-03-01,Belgrano,Botella Térmica,Deportes,1,10445.19,10445.19,Sr(a). Amparo Perez
2423,2024-03-01,Nuñez,Campera de Abrigo,Indumentaria,4,32694.81,130779.24,Valentina  Roldan Diaz
1728,2024-03-01,Belgrano,Botella Térmica,Deportes,1,9668.51,9668.51,Joaquin Valentin Lopez
2867,2024-03-01,Palermo,Cargador USB-C,Electrónica,2,6818.05,13636.1,Dr(a). Mia Ledesma
1346,2024-03-02,Belgrano,Cargador USB-C,Electrónica,2,6479.3,12958.6,Luz Milagros Felicitas Rojas
1964,2024-03-02,Belgrano,Botella Térmica,Deportes,2,10130.67,20261.34,Ian Benjamin Martín Arias
107,2024-03-02,Palermo,Parlante Portátil,Electrónica,3,25237.61,75712.83,Milagros Emilia Dominguez
1807,2024-03-02,Belgrano,Cargador USB-C,Electrónica,4,6226.97,24907.88,Catalina Thiago Navarro
2402,2024-03-02,Palermo,Botella Térmica,Deportes,3,10479.01,31437.03,Lucía  Lorenzo Bustos
2926,2024-03-02,Nuñez,Cargador USB-C,Electrónica,4,6775.93,27103.72,Thiago Benjamin Matias Bravo Sanchez
2254,2024-03-02,Palermo,Pelota de Fútbol,Deportes,5,11473.82,57369.1,Victoria Lopez Fernandez
1596,2024-03-02,Belgrano,Pelota de Fútbol,Deportes,4,12393.97,49575.88,Joaquin Zoe Gonzalez Muñoz
235,2024-03-02,Nuñez,Cargador USB-C,Electrónica,4,6489.76,25959.04,Sr(a). Francisco Godoy
2729,2024-03-02,Palermo,Remera Básica,Indumentaria,2,8672.91,17345.82,Maria Paz Gutierrez
1512,2024-03-03,Nuñez,Cargador USB-C,Electrónica,5,6276.69,31383.45,Guadalupe Lara Vega Castro
1616,2024-03-03,Palermo,Set de Vasos,Hogar,2,8068.54,16137.08,Francisco Leiva
2429,2024-03-03,Nuñez,Parlante Portátil,Electrónica,5,25506.14,127530.7,Giuliana Violeta Ramirez Martinez
291,2024-03-03,Palermo,Botella Térmica,Deportes,5,10379.71,51898.55,Nina Lautaro Benjamin Nuñez Castro
1217,2024-03-03,Belgrano,Campera de Abrigo,Indumentaria,1,31373.73,31373.73,Sr(a). Delfina Garcia
1144,2024-03-03,Palermo,Cargador USB-C,Electrónica,1,6607.46,6607.46,Ciro Martinez Coronel
971,2024-03-03,Palermo,Pelota de Fútbol,Deportes,4,12091.68,48366.72,Antonella Ignacio Garcia
2828,2024-03-03,Belgrano,Remera Básica,Indumentaria,4,8836.25,35345.0,Dr(a). Ignacio Bustos
73,2024-03-04,Belgrano,Pelota de Fútbol,Deportes,4,11867.37,47469.48,Luisana Fernandez Gomez
2617,2024-03-04,Nuñez,Parlante Portátil,Electrónica,4,25084.95,100339.8,Sr(a). Juan Benitez
1103,2024-03-05,Belgrano,Auriculares Bluetooth,Electrónica,1,18534.46,18534.46,Agustin Mora Torres Aguirre
325,2024-03-05,Belgrano,Set de Vasos,Hogar,3,7936.88,23810.64,Dr(a). Thiago Ezequiel Cruz
2307,2024-03-05,Belgrano,Cargador USB-C,Electrónica,1,6314.39,6314.39,Juan Pablo Maldonado Roldan
1403,2024-03-06,Belgrano,Campera de Abrigo,Indumentaria,3,30766.32,92298.96,Thiago Lopez
700,2024-03-07,Palermo,Botella Térmica,Deportes,2,9622.02,19244.04,Santino Benjamin Rojas Fernandez
406,2024-03-07,Palermo,Cargador USB-C,Electrónica,4,6701.04,26804.16,Alma Valentina Martin Velazquez
2417,2024-03-08,Nuñez,Remera Básica,Indumentaria,4,8809.06,35236.24,Gabriel Medina Torres
12,2024-03-08,Belgrano,Campera de Abrigo,Indumentaria,5,33204.38,166021.9,Antonella Ramos Velazquez
822,2024-03-08,Belgrano,Botella Térmica,Deportes,4,9587.31,38349.24,Dr(a). Martina Perez
2448,2024-03-08,Nuñez,Set de Vasos,Hogar,3,8061.82,24185.46,Emilia Luciano Benjamin Gomez
1735,2024-03-08,Belgrano,Remera Básica,Indumentaria,3,8677.24,26031.72,Sr(a). Ciro Rodriguez
2717,2024-03-08,Palermo,Parlante Portátil,Electrónica,4,25473.67,101894.68,Simon Bianca Nuñez Leiva
1188,2024-03-08,Belgrano,Botella Térmica,Deportes,1,9862.82,9862.82,Gael Arias
2977,2024-03-09,Palermo,Auriculares Bluetooth,Electrónica,1,18274.27,18274.27,Dr(a). Mia Coronel
2457,2024-03-09,Belgrano,Botella Térmica,Deportes,4,9662.2,38648.8,Santiago Gonzalez Gonzalez
2925,2024-03-09,Nuñez,Campera de Abrigo,Indumentaria,3,33223.26,99669.78,Benjamin Sofia Vargas Dominguez
342,2024-03-09,Belgrano,Pelota de Fútbol,Deportes,1,11427.1,11427.1,Valentino Vega
1409,2024-03-09,Nuñez,Pelota de Fútbol,Deportes,4,12448.77,49795.08,Zoe Juan Ignacio Lopez Ruiz
159,2024-03-09,Palermo,Remera Básica,Indumentaria,1,8633.91,8633.91,Catalina Joaquín Suarez
817,2024-03-09,Nuñez,Botella Térmica,Deportes,2,9638.41,19276.82,Maximo Bastian Gonzalez Quiroga
2715,2024-03-10,Belgrano,Auriculares Bluetooth,Electrónica,2,18652.24,37304.48,Sr(a). Felipe Gonzalez
880,2024-03-10,Palermo,Parlante Portátil,Electrónica,1,26180.18,26180.18,Mateo Mia Morena Correa
1401,2024-03-10,Nuñez,Remera Básica,Indumentaria,2,8758.53,17517.06,Mora Victoria Perez
1280,2024-03-10,Palermo,Set de Vasos,Hogar,3,7882.69,23648.07,Lautaro Nicolas Catalina Romero
760,2024-03-10,Belgrano,Campera de Abrigo,Indumentaria,1,32080.85,32080.85,Francesca Joaquin Sanchez Diaz
2033,2024-03-11,Palermo,Auriculares Bluetooth,Electrónica,5,17107.22,85536.1,Sr(a). Francesca Sanchez
619,2024-03-11,Palermo,Campera de Abrigo,Indumentaria,3,30753.14,92259.42,Bianca Maximo Silva
1927,2024-03-12,Palermo,Auriculares Bluetooth,Electrónica,5,18063.4,90317.0,Lucas Garcia Alvarez
1239,2024-03-12,Palermo,Parlante Portátil,Electrónica,4,24363.13,97452.52,Antonella Ian Ezequiel Sosa Gomez
1798,2024-03-13,Nuñez,Remera Básica,Indumentaria,4,9117.9,36471.6,Sr(a). Lucia Blanco
1687,2024-03-13,Palermo,Campera de Abrigo,Indumentaria,3,30849.41,92548.23,Francesco Perez
2400,2024-03-13,Palermo,Cargador USB-C,Electrónica,3,6204.51,18613.53,Catalina Mendoza Romero
1907,2024-03-15,Belgrano,Cargador USB-C,Electrónica,2,6582.51,13165.02,Dr(a). Santiago Peralta
2062,2024-03-15,Nuñez,Campera de Abrigo,Indumentaria,5,31812.1,159060.5,Juan Genaro Diaz
2554,2024-03-15,Palermo,Juego de Sábanas,Hogar,5,15076.1,75380.5,Jeronimo Santiago Nuñez
65,2024-03-15,Palermo,Auriculares Bluetooth,Electrónica,5,17449.98,87249.9,Clara Martina Rodriguez
1286,2024-03-15,Palermo,Botella Térmica,Deportes,4,10169.15,40676.6,Mateo Felipe Vazquez
418,2024-03-15,Palermo,Parlante Portátil,Electrónica,4,25215.04,100860.16,Mateo Juan Cruz Vega Sosa
769,2024-03-15,Palermo,Cargador USB-C,Electrónica,3,6680.2,20040.6,Catalina Martinez Diaz
2375,2024-03-15,Nuñez,Pelota de Fútbol,Deportes,3,12363.42,37090.26,Facundo Lopez Garcia
1645,2024-03-15,Palermo,Juego de Sábanas,Hogar,5,14759.71,73798.55,Juana Silva Cordoba
2996,2024-03-16,Palermo,Remera Básica,Indumentaria,3,9008.0,27024.0,Sr(a). Faustino Rodriguez
227,2024-03-16,Nuñez,Campera de Abrigo,Indumentaria,3,32455.48,97366.44,Luna Gonzalez
182,2024-03-16,Nuñez,Set de Vasos,Hogar,4,7630.09,30520.36,Dr(a). Juana Martinez
334,2024-03-16,Belgrano,Campera de Abrigo,Indumentaria,5,31933.55,159667.75,Juan Bautista Lopez Martinez
130,2024-03-16,Palermo,Botella Térmica,Deportes,3,10487.65,31462.95,Sr(a). Pilar Perez
1636,2024-03-16,Nuñez,Parlante Portátil,Electrónica,4,25810.78,103243.12,Mia Thiago Emanuel Rodriguez Sanchez
799,2024-03-16,Palermo,Campera de Abrigo,Indumentaria,4,30573.89,122295.56,Isabella Silva Mansilla
1227,2024-03-17,Nuñez,Juego de Sábanas,Hogar,5,14826.23,74131.15,Juan Cruz Mia Gonzalez
1685,2024-03-17,Palermo,Set de Vasos,Hogar,5,8134.5,40672.5,Catalina Gael Martinez Diaz
1412,2024-03-17,Belgrano,Parlante Portátil,Electrónica,2,25882.99,51765.98,Benjamin Blanco
2624,2024-03-17,Palermo,Set de Vasos,Hogar,4,8085.36,32341.44,Maria Victoria Maidana Velazquez
124,2024-03-17,Belgrano,Parlante Portátil,Electrónica,3,24596.4,73789.2,Lucia Bautista Ramirez
1796,2024-03-17,Palermo,Cargador USB-C,Electrónica,1,6275.1,6275.1,Sr(a). Pilar Toledo
2367,2024-03-17,Palermo,Campera de Abrigo,Indumentaria,1,31794.92,31794.92,Benjamin Alejandro Martinez Diaz
2160,2024-03-17,Nuñez,Juego de Sábanas,Hogar,2,15208.59,30417.18,Guadalupe Mendez Gomez
179,2024-03-18,Nuñez,Parlante Portátil,Electrónica,4,24909.88,99639.52,Sr(a). Abigail Diaz
1797,2024-03-18,Palermo,Juego de Sábanas,Hogar,1,15354.76,15354.76,Milo Milo Castro Escobar
2115,2024-03-19,Belgrano,Pelota de Fútbol,Deportes,1,12234.5,12234.5,Micaela Benjamin Aguero Ruiz
2802,2024-03-19,Nuñez,Pelota de Fútbol,Deportes,4,11808.87,47235.48,Ciro Felipe Rodriguez Bravo
823,2024-03-19,Palermo,Campera de Abrigo,Indumentaria,3,30758.48,92275.44,Ana Paula Thiago Ezequiel Ruiz
2344,2024-03-19,Belgrano,Remera Básica,Indumentaria,2,8688.75,17377.5,Lisandro Acosta
2088,2024-03-19,Belgrano,Botella Térmica,Deportes,3,10001.42,30004.26,Jazmin Mateo Valentin Sosa
1423,2024-03-19,Belgrano,Juego de Sábanas,Hogar,4,14520.89,58083.56,Maria Guadalupe Luca Vega
315,2024-03-19,Nuñez,Juego de Sábanas,Hogar,5,14610.71,73053.55,Dante Franco Vega Ramirez
2920,2024-03-20,Nuñez,Auriculares Bluetooth,Electrónica,4,17189.84,68759.36,Franco Jeronimo Cabrera
1261,2024-03-21,Palermo,Parlante Portátil,Electrónica,1,25172.96,25172.96,Sr(a). Francisco Gonzalez
1427,2024-03-21,Belgrano,Pelota de Fútbol,Deportes,2,12409.71,24819.42,Milo Helena Carrizo Vazquez
2696,2024-03-21,Belgrano,Parlante Portátil,Electrónica,3,25024.14,75072.42,Francisco Josefina Valdez Ledesma
230,2024-03-21,Belgrano,Juego de Sábanas,Hogar,5,14661.68,73308.4,Simon Ledesma Barrios
2030,2024-03-21,Nuñez,Juego de Sábanas,Hogar,3,14717.23,44151.69,Agostina Fernandez Sosa
2966,2024-03-22,Palermo,Set de Vasos,Hogar,4,8231.82,32927.28,Sr(a). Thiago Agustin Juarez
1453,2024-03-22,Belgrano,Campera de Abrigo,Indumentaria,5,30644.62,153223.1,Sr(a). Thiago Nicolas Martinez
641,2024-03-22,Palermo,Cargador USB-C,Electrónica,1,6409.6,6409.6,Pedro Suarez
1802,2024-03-22,Palermo,Botella Térmica,Deportes,2,9763.26,19526.52,Tiziana Bustos Fernandez
1563,2024-03-22,Belgrano,Botella Térmica,Deportes,3,10448.2,31344.6,Martina Benjamin Perez
814,2024-03-23,Nuñez,Botella Térmica,Deportes,3,10235.76,30707.28,Sofia Paz
1134,2024-03-23,Belgrano,Campera de Abrigo,Indumentaria,2,33203.22,66406.44,Dr(a). Agustín Godoy
2850,2024-03-23,Palermo,Auriculares Bluetooth,Electrónica,2,17902.17,35804.34,Thiago Valentin Tiziano Benjamin Sanchez
2961,2024-03-24,Nuñez,Botella Térmica,Deportes,3,10310.51,30931.53,Dr(a). Luna Bustos
79,2024-03-24,Belgrano,Campera de Abrigo,Indumentaria,5,30566.67,152833.35,Dr(a). Lucas Gomez
1292,2024-03-24,Belgrano,Set de Vasos,Hogar,4,8297.03,33188.12,Facundo Benitez
1799,2024-03-24,Nuñez,Remera Básica,Indumentaria,1,8553.46,8553.46,Lourdes Soto
276,2024-03-24,Nuñez,Botella Térmica,Deportes,5,10203.77,51018.85,Thiago Nicolas Bruno Villalba
1072,2024-03-25,Nuñez,Set de Vasos,Hogar,5,8010.23,40051.15,Emma Benjamin Fernandez Franco
919,2024-03-25,Nuñez,Remera Básica,Indumentaria,2,9014.73,18029.46,Gonzalo Sanchez Romero
2592,2024-03-26,Palermo,Parlante Portátil,Electrónica,5,24084.55,120422.75,Benicio Ian Gimenez
1696,2024-03-26,Belgrano,Set de Vasos,Hogar,4,7794.2,31176.8,Thiago Leonel Ramiro Arias
568,2024-03-26,Palermo,Pelota de Fútbol,Deportes,5,11890.38,59451.9,Bautista Campos
63,2024-03-27,Nuñez,Parlante Portátil,Electrónica,5,24587.97,122939.85,Bautista Bautista Guzman
2976,2024-03-27,Nuñez,Juego de Sábanas,Hogar,2,14853.68,29707.36,Juana Tomàs Caceres Quiroga
1378,2024-03-28,Nuñez,Campera de Abrigo,Indumentaria,4,32146.66,128586.64,Giuliana Felipe Franco Carrizo
1243,2024-03-28,Palermo,Auriculares Bluetooth,Electrónica,4,18467.41,73869.64,Martina Ayala Sanchez
335,2024-03-28,Nuñez,Campera de Abrigo,Indumentaria,2,32504.33,65008.66,Dylan Ezequiel Pereyra
875,2024-03-28,Belgrano,Campera de Abrigo,Indumentaria,4,31682.0,126728.0,Francisco Enzo Sanchez
661,2024-03-28,Palermo,Juego de Sábanas,Hogar,1,14614.57,14614.57,Samuel Aguero Fernandez
984,2024-03-28,Palermo,Botella Térmica,Deportes,4,9860.64,39442.56,Sr(a). Thiago Emanuel Ramirez
271,2024-03-29,Belgrano,Botella Térmica,Deportes,1,9684.78,9684.78,Maria Victoria Zoe Valentina Martinez
2393,2024-03-29,Nuñez,Cargador USB-C,Electrónica,4,6227.57,24910.28,Juan Cruz Martina Juarez
2774,2024-03-29,Belgrano,Parlante Portátil,Electrónica,2,24251.26,48502.52,Martín Pedro Villalba Sanchez
804,2024-03-29,Palermo,Botella Térmica,Deportes,5,9989.21,49946.05,Catalina Juan Pablo Lopez Cruz
1407,2024-03-29,Palermo,Botella Térmica,Deportes,1,9703.54,9703.54,Emma Benitez
1533,2024-03-29,Palermo,Cargador USB-C,Electrónica,5,6582.31,32911.55,Sr(a). Luz Milagros Garcia
1532,2024-03-29,Belgrano,Auriculares Bluetooth,Electrónica,4,17258.69,69034.76,Felipe Garcia Moyano
842,2024-03-30,Nuñez,Pelota de Fútbol,Deportes,4,12289.83,49159.32,Agustina Guzman
1279,2024-03-30,Palermo,Auriculares Bluetooth,Electrónica,4,17664.69,70658.76,Joaquin Luna Vera
410,2024-03-30,Nuñez,Juego de Sábanas,Hogar,2,14878.85,29757.7,Benjamin Castro
2897,2024-03-30,Palermo,Auriculares Bluetooth,Electrónica,5,17415.01,87075.05,Juan Cruz Dante Alvarez
357,2024-03-30,Belgrano,Auriculares Bluetooth,Electrónica,1,18496.14,18496.14,Juan Bautista Flores
1644,2024-03-30,Nuñez,Cargador USB-C,Electrónica,4,6571.52,26286.08,Maite Rojas Garcia
465,2024-03-31,Palermo,Juego de Sábanas,Hogar,4,15200.23,60800.92,Tomas Santiago Martinez Castro
2464,2024-03-31,Palermo,Campera de Abrigo,Indumentaria,2,31218.32,62436.64,Luisina Santino Arias Nuñez
1136,2024-04-01,Nuñez,Campera de Abrigo,Indumentaria,5,32885.41,164427.05,Nahuel Jazmin Martinez Gomez
2872,2024-04-02,Palermo,Juego de Sábanas,Hogar,5,14336.3,71681.5,Dr(a). Mia Lopez
866,2024-04-02,Palermo,Remera Básica,Indumentaria,3,9403.91,28211.73,Renata Franco Barrios Medina
688,2024-04-02,Belgrano,Juego de Sábanas,Hogar,2,15327.56,30655.12,Luisina Josefina Fernandez Garcia
654,2024-04-02,Belgrano,Campera de Abrigo,Indumentaria,3,32916.38,98749.14,Morena Jazmin Catalina Guzman Gomez
733,2024-04-02,Palermo,Pelota de Fútbol,Deportes,2,12464.71,24929.42,Antonella Fernandez
2742,2024-04-03,Belgrano,Cargador USB-C,Electrónica,4,6526.32,26105.28,Lorenzo Aguirre Cabrera
1009,2024-04-03,Belgrano,Parlante Portátil,Electrónica,1,25104.45,25104.45,Alma Mia Valentino Rojas Perez
2794,2024-04-03,Palermo,Auriculares Bluetooth,Electrónica,3,17659.8,52979.4,Guillermina Morales
189,2024-04-05,Nuñez,Campera de Abrigo,Indumentaria,4,32027.16,128108.64,Abril Juarez
2065,2024-04-05,Palermo,Pelota de Fútbol,Deportes,2,12134.13,24268.26,Juan Manuel Fernandez Diaz
483,2024-04-05,Nuñez,Set de Vasos,Hogar,3,7746.3,23238.9,Lucas Benjamin Martina Miranda
2820,2024-04-05,Palermo,Remera Básica,Indumentaria,1,9288.17,9288.17,Dr(a). Julia Cruz
427,2024-04-05,Belgrano,Parlante Portátil,Electrónica,5,25983.07,129915.35,Jazmin Luciana Castillo Garcia
394,2024-04-05,Belgrano,Campera de Abrigo,Indumentaria,2,33271.32,66542.64,Mora Lorenzo Godoy Arias
362,2024-04-05,Belgrano,Campera de Abrigo,Indumentaria,3,32623.05,97869.15,Augusto Antonio Soria
1195,2024-04-05,Nuñez,Auriculares Bluetooth,Electrónica,1,17252.25,17252.25,Dr(a). Amparo Quiroga
2739,2024-04-06,Nuñez,Campera de Abrigo,Indumentaria,2,31905.04,63810.08,Felicitas Thiago Benjamin Fernandez
2439,2024-04-06,Palermo,Botella Térmica,Deportes,1,10003.13,10003.13,Lorenzo Morales Luna
2764,2024-04-07,Belgrano,Campera de Abrigo,Indumentaria,2,31254.39,62508.78,Juana Mateo Torres
488,2024-04-07,Nuñez,Juego de Sábanas,Hogar,2,14972.89,29945.78,Ignacio Ojeda Moreno
2430,2024-04-07,Palermo,Parlante Portátil,Electrónica,1,25178.29,25178.29,Martina Gonzalez
2108,2024-04-07,Palermo,Juego de Sábanas,Hogar,5,15537.57,77687.85,Maria Victoria Suarez Carrizo
158,2024-04-07,Nuñez,Botella Térmica,Deportes,3,10165.11,30495.33,Dr(a). Lautaro Benjamin Gutierrez
2997,2024-04-07,Belgrano,Remera Básica,Indumentaria,4,8784.51,35138.04,Sr(a). Emma Figueroa
1699,2024-04-07,Nuñez,Cargador USB-C,Electrónica,2,6409.46,12818.92,Guadalupe Ruiz
1379,2024-04-08,Belgrano,Campera de Abrigo,Indumentaria,4,32621.23,130484.92,Benjamin Lara Fernandez
432,2024-04-09,Palermo,Pelota de Fútbol,Deportes,2,12165.83,24331.66,Sr(a). Juan Cruz Herrera
1389,2024-04-09,Nuñez,Cargador USB-C,Electrónica,1,6482.93,6482.93,Thiago Daniel Rodriguez
1858,2024-04-09,Palermo,Auriculares Bluetooth,Electrónica,2,18262.39,36524.78,Lucas Juan Ignacio Castro Lopez
238,2024-04-09,Palermo,Juego de Sábanas,Hogar,4,15546.25,62185.0,Bautista Rosario Olivera
143,2024-04-09,Palermo,Pelota de Fútbol,Deportes,5,11562.8,57814.0,Sr(a). Santiago Benjamin Lopez
798,2024-04-10,Palermo,Remera Básica,Indumentaria,4,9332.9,37331.6,Dr(a). Antonella Garcia
995,2024-04-10,Belgrano,Remera Básica,Indumentaria,4,9295.59,37182.36,Julieta Cardozo Barrios
639,2024-04-11,Palermo,Pelota de Fútbol,Deportes,4,12189.51,48758.04,Julieta Joaquin Ledesma
1223,2024-04-11,Palermo,Juego de Sábanas,Hogar,5,15178.52,75892.6,Sr(a). Lucas Franco
2501,2024-04-11,Nuñez,Cargador USB-C,Electrónica,1,6276.38,6276.38,Juliana Bautista Aguirre
2578,2024-04-12,Palermo,Cargador USB-C,Electrónica,1,6811.56,6811.56,Emma Gomez Gonzalez
1305,2024-04-12,Palermo,Campera de Abrigo,Indumentaria,5,32259.95,161299.75,Pedro Thiago Leonel Perez Silva
1666,2024-04-12,Palermo,Parlante Portátil,Electrónica,2,23980.31,47960.62,Sofia Belen Rodriguez
1982,2024-04-13,Nuñez,Remera Básica,Indumentaria,1,8685.04,8685.04,Dr(a). Benjamin Garcia
1949,2024-04-13,Palermo,Cargador USB-C,Electrónica,2,6522.07,13044.14,Guadalupe Rodriguez Gonzalez
2790,2024-04-13,Palermo,Cargador USB-C,Electrónica,5,6495.49,32477.45,Juan Cruz Paloma Gutierrez
2280,2024-04-14,Nuñez,Campera de Abrigo,Indumentaria,4,33457.45,133829.8,Sr(a). Mia Gonzalez
2106,2024-04-14,Belgrano,Cargador USB-C,Electrónica,5,6470.58,32352.9,Joaquina Lopez Garcia
371,2024-04-14,Palermo,Campera de Abrigo,Indumentaria,3,33219.16,99657.48,Santino Barrios Luna
2161,2024-04-14,Nuñez,Pelota de Fútbol,Deportes,3,12023.31,36069.93,Thiago Lautaro Nahuel Peralta
321,2024-04-14,Belgrano,Set de Vasos,Hogar,2,7944.78,15889.56,Julia Diaz Ramos
721,2024-04-14,Nuñez,Botella Térmica,Deportes,3,10049.37,30148.11,Thiago Nahuel Josefina Rodriguez Medina
2217,2024-04-14,Belgrano,Pelota de Fútbol,Deportes,5,12442.84,62214.2,Jazmin Agustina Franco
1693,2024-04-15,Nuñez,Juego de Sábanas,Hogar,5,15689.6,78448.0,Santino Benjamin Lopez Acosta
2842,2024-04-15,Belgrano,Parlante Portátil,Electrónica,1,25839.79,25839.79,Catalina Simon Perez Diaz
2245,2024-04-16,Nuñez,Set de Vasos,Hogar,3,7740.91,23222.73,Juan Ignacio Romero Gonzalez
1426,2024-04-16,Belgrano,Set de Vasos,Hogar,4,8164.4,32657.6,Juana Antonella Rodriguez Acosta
1304,2024-04-16,Palermo,Cargador USB-C,Electrónica,1,6575.57,6575.57,Pilar Ledesma Maidana
1251,2024-04-16,Belgrano,Set de Vasos,Hogar,4,8129.39,32517.56,Faustino Bustos
1527,2024-04-16,Nuñez,Auriculares Bluetooth,Electrónica,1,18203.26,18203.26,Miguel Angel Maximo Romero
1417,2024-04-16,Belgrano,Auriculares Bluetooth,Electrónica,5,17505.44,87527.2,Thiago Nahuel Cardozo
2241,2024-04-17,Belgrano,Campera de Abrigo,Indumentaria,2,30533.92,61067.84,Vicente Santino Agustin Campos
2683,2024-04-17,Belgrano,Botella Térmica,Deportes,2,10138.2,20276.4,Bautista Flores
496,2024-04-18,Nuñez,Set de Vasos,Hogar,2,7993.94,15987.88,Ramiro Blanco
2284,2024-04-18,Palermo,Parlante Portátil,Electrónica,1,25852.57,25852.57,Thiago Joaquin Victoria Fernandez
1222,2024-04-18,Palermo,Campera de Abrigo,Indumentaria,5,30785.13,153925.65,Jazmin Sofia Ruiz
783,2024-04-18,Palermo,Parlante Portátil,Electrónica,5,25747.94,128739.7,Valentino Villalba
2598,2024-04-19,Palermo,Juego de Sábanas,Hogar,5,15390.42,76952.1,Dante Dylan Ramos
2264,2024-04-19,Palermo,Botella Térmica,Deportes,1,10368.43,10368.43,Ignacio Thiago Nicolas Sosa
1161,2024-04-19,Nuñez,Campera de Abrigo,Indumentaria,5,33127.56,165637.8,Valentina Godoy Diaz
2770,2024-04-19,Palermo,Botella Térmica,Deportes,4,10438.27,41753.08,Morena Jazmin Bautista Gimenez Quiroga
2045,2024-04-19,Belgrano,Auriculares Bluetooth,Electrónica,4,17359.89,69439.56,Julieta Juarez
728,2024-04-19,Nuñez,Parlante Portátil,Electrónica,1,25731.08,25731.08,Sofia Velazquez Flores
591,2024-04-19,Palermo,Remera Básica,Indumentaria,1,9158.23,9158.23,Dr(a). Santino Gomez
1986,2024-04-20,Belgrano,Campera de Abrigo,Indumentaria,3,32369.39,97108.17,Agustin Agustina Caceres
456,2024-04-20,Nuñez,Set de Vasos,Hogar,3,8390.69,25172.07,Sr(a). Joaquín Nuñez
83,2024-04-20,Nuñez,Parlante Portátil,Electrónica,3,25189.49,75568.47,Benicio Castro Hernandez
1496,2024-04-20,Palermo,Campera de Abrigo,Indumentaria,5,33520.61,167603.05,Lorenzo Delfina Blanco Leiva
2565,2024-04-20,Nuñez,Campera de Abrigo,Indumentaria,1,31135.11,31135.11,Ian Ezequiel Gonzalez Vazquez
1733,2024-04-20,Nuñez,Auriculares Bluetooth,Electrónica,2,18162.19,36324.38,Miguel Angel Lautaro Ezequiel Paz
162,2024-04-20,Palermo,Juego de Sábanas,Hogar,5,14801.34,74006.7,Vicente Guadalupe Castro Romero
155,2024-04-20,Nuñez,Campera de Abrigo,Indumentaria,4,30635.17,122540.68,Victoria Acosta Cardozo
879,2024-04-20,Belgrano,Botella Térmica,Deportes,4,9997.27,39989.08,Alma Santino Nicolas Sosa
863,2024-04-20,Palermo,Auriculares Bluetooth,Electrónica,5,18167.72,90838.6,Sr(a). Agustin Diaz
2074,2024-04-21,Belgrano,Parlante Portátil,Electrónica,2,24415.35,48830.7,Pedro Rodriguez
1773,2024-04-21,Belgrano,Parlante Portátil,Electrónica,4,24500.8,98003.2,Lorenzo Lucía Caceres
698,2024-04-21,Palermo,Cargador USB-C,Electrónica,2,6279.87,12559.74,Thiago Gabriel Duarte Ruiz
1268,2024-04-21,Belgrano,Juego de Sábanas,Hogar,3,15154.79,45464.37,Dr(a). Luciano Aguero
343,2024-04-21,Nuñez,Remera Básica,Indumentaria,2,9386.93,18773.86,Josefina Alvarez Arias
2620,2024-04-21,Nuñez,Campera de Abrigo,Indumentaria,1,31007.59,31007.59,Isabella Juan Pablo Gonzalez
2856,2024-04-21,Belgrano,Botella Térmica,Deportes,2,10238.16,20476.32,Martina Miguel Angel Alvarez
55,2024-04-21,Palermo,Set de Vasos,Hogar,3,8182.84,24548.52,Gabriel Farias Lopez
1257,2024-04-22,Palermo,Pelota de Fútbol,Deportes,3,11833.03,35499.09,Giuliana Felipe Gonzalez Sanchez
998,2024-04-22,Palermo,Remera Básica,Indumentaria,5,8810.63,44053.15,Felicitas Tiziano Rodriguez
14,2024-04-22,Palermo,Parlante Portátil,Electrónica,2,25730.2,51460.4,Mateo Benicio Carrizo Quiroga
2927,2024-04-22,Nuñez,Parlante Portátil,Electrónica,5,24520.16,122600.8,Francisco Paloma Diaz
862,2024-04-24,Palermo,Parlante Portátil,Electrónica,4,25643.34,102573.36,Maria Victoria Malena Gomez Rodriguez
277,2024-04-24,Nuñez,Cargador USB-C,Electrónica,5,6761.88,33809.4,Tomàs Sosa
2287,2024-04-24,Palermo,Pelota de Fútbol,Deportes,4,12555.02,50220.08,Dr(a). Juan Cruz Leiva
1482,2024-04-26,Nuñez,Remera Básica,Indumentaria,4,9184.34,36737.36,Joaquín Mia Romero
355,2024-04-26,Nuñez,Cargador USB-C,Electrónica,5,6710.13,33550.65,Florencia Diaz
2845,2024-04-26,Belgrano,Botella Térmica,Deportes,5,9904.15,49520.75,Tiziano Quiroga
169,2024-04-26,Belgrano,Campera de Abrigo,Indumentaria,1,31306.39,31306.39,Dr(a). Genaro Fernandez
522,2024-04-26,Palermo,Juego de Sábanas,Hogar,5,15335.96,76679.8,Felipe Santiago Hernandez Vazquez
859,2024-04-26,Nuñez,Botella Térmica,Deportes,1,9616.57,9616.57,Lisandro Lucas Bustos Leiva
2321,2024-04-26,Belgrano,Auriculares Bluetooth,Electrónica,1,17860.47,17860.47,Nina Luz Milagros Rodriguez Gonzalez
1795,2024-04-26,Nuñez,Cargador USB-C,Electrónica,2,6699.05,13398.1,Alma Gomez Martinez
175,2024-04-27,Belgrano,Campera de Abrigo,Indumentaria,3,30949.99,92849.97,Priscila Gomez Coronel
1288,2024-04-27,Belgrano,Campera de Abrigo,Indumentaria,1,32144.26,32144.26,Emilia Lopez
2951,2024-04-27,Palermo,Pelota de Fútbol,Deportes,5,12572.79,62863.95,Valentino Ana Paula Franco
890,2024-04-27,Nuñez,Set de Vasos,Hogar,1,8030.73,8030.73,Sr(a). Emilia Caceres
2362,2024-04-27,Belgrano,Botella Térmica,Deportes,1,10007.92,10007.92,Josefina Francesca Sosa
16,2024-04-27,Nuñez,Auriculares Bluetooth,Electrónica,5,18451.58,92257.9,Malena Victoria Blanco
1388,2024-04-27,Nuñez,Set de Vasos,Hogar,2,8083.03,16166.06,Federico Gomez
106,2024-04-27,Belgrano,Juego de Sábanas,Hogar,2,15612.62,31225.24,Bianca Geronimo Campos
2240,2024-04-27,Palermo,Parlante Portátil,Electrónica,1,24039.83,24039.83,Maria Emilia Mendoza
2700,2024-04-28,Palermo,Campera de Abrigo,Indumentaria,3,31187.52,93562.56,Francisco Rivero
481,2024-04-28,Palermo,Auriculares Bluetooth,Electrónica,1,17117.41,17117.41,Sr(a). Mateo Benjamin Muñoz
1160,2024-04-28,Belgrano,Cargador USB-C,Electrónica,2,6729.66,13459.32,Mateo Sebastian Villalba Molina
56,2024-04-28,Belgrano,Remera Básica,Indumentaria,5,8721.07,43605.35,Jazmin Guzman
433,2024-04-28,Belgrano,Cargador USB-C,Electrónica,4,6481.11,25924.44,Tomàs Valentino Rodriguez Leiva
1894,2024-04-28,Nuñez,Juego de Sábanas,Hogar,2,14448.0,28896.0,Mateo Benjamin Escobar Maldonado
1958,2024-04-28,Belgrano,Remera Básica,Indumentaria,4,8894.32,35577.28,Lautaro Nicolas Valentino Lopez
1421,2024-04-28,Nuñez,Campera de Abrigo,Indumentaria,5,33544.11,167720.55,Lautaro Muñoz
1452,2024-04-28,Nuñez,Remera Básica,Indumentaria,4,9209.52,36838.08,Dr(a). Nahiara Jazmin Aguero
2274,2024-04-29,Palermo,Auriculares Bluetooth,Electrónica,5,17974.18,89870.9,Sr(a). Mateo Perez
142,2024-04-29,Nuñez,Pelota de Fútbol,Deportes,1,11765.24,11765.24,Valentin Valentina Torres
1200,2024-04-30,Belgrano,Auriculares Bluetooth,Electrónica,4,17628.38,70513.52,Ezequiel Sanchez
2873,2024-04-30,Nuñez,Remera Básica,Indumentaria,4,8911.34,35645.36,Thiago Gabriel Angelina Soto
2296,2024-04-30,Nuñez,Juego de Sábanas,Hogar,1,15435.17,15435.17,Guadalupe Mendoza
1520,2024-04-30,Belgrano,Pelota de Fútbol,Deportes,4,11852.77,47411.08,Santiago Cruz Rodriguez
221,2024-04-30,Nuñez,Auriculares Bluetooth,Electrónica,3,18367.27,55101.81,Dr(a). Tiziana Hernandez
2250,2024-05-01,Belgrano,Juego de Sábanas,Hogar,2,14885.79,29771.58,Camilo Santino Ezequiel Toledo Martinez
780,2024-05-01,Belgrano,Auriculares Bluetooth,Electrónica,5,17925.07,89625.35,Mia Jazmin Vazquez
284,2024-05-01,Palermo,Botella Térmica,Deportes,5,9893.06,49465.3,Dr(a). Olivia Luna
244,2024-05-01,Belgrano,Botella Térmica,Deportes,1,9893.9,9893.9,Octavio Francisco Figueroa Diaz
400,2024-05-02,Belgrano,Juego de Sábanas,Hogar,3,15489.58,46468.74,Dante Pereyra Ruiz
382,2024-05-02,Belgrano,Cargador USB-C,Electrónica,2,6630.97,13261.94,Martina Diaz
2483,2024-05-03,Palermo,Parlante Portátil,Electrónica,5,24866.59,124332.95,Martina Rojas
2930,2024-05-03,Nuñez,Pelota de Fútbol,Deportes,2,11619.64,23239.28,Juan Pablo Agustin Castro Romero
2807,2024-05-03,Belgrano,Campera de Abrigo,Indumentaria,4,31484.31,125937.24,Dr(a). Guadalupe Vazquez
1013,2024-05-03,Belgrano,Remera Básica,Indumentaria,2,9226.92,18453.84,Dr(a). Ambar Fernandez
1214,2024-05-03,Palermo,Parlante Portátil,Electrónica,1,24434.65,24434.65,Isabella Pereyra
2690,2024-05-04,Nuñez,Auriculares Bluetooth,Electrónica,2,18517.08,37034.16,Olivia Mateo Joaquin Rodriguez
2156,2024-05-04,Belgrano,Remera Básica,Indumentaria,4,8616.9,34467.6,Juan Cruz Sol Aguero
2363,2024-05-04,Nuñez,Botella Térmica,Deportes,1,10317.83,10317.83,Federico Catalina Ramirez
2495,2024-05-04,Palermo,Auriculares Bluetooth,Electrónica,5,17722.55,88612.75,Genaro Carmela Nuñez Gomez
2482,2024-05-04,Palermo,Auriculares Bluetooth,Electrónica,5,18579.51,92897.55,Emilia Mansilla
1319,2024-05-04,Palermo,Auriculares Bluetooth,Electrónica,1,18064.72,18064.72,Miguel Angel Garcia Muñoz
68,2024-05-04,Palermo,Botella Térmica,Deportes,4,10167.58,40670.32,Alexander Santiago Nicolas Gonzalez Rios
2754,2024-05-04,Palermo,Auriculares Bluetooth,Electrónica,4,18536.98,74147.92,Bianca Mateo Agustin Vargas Rodriguez
2510,2024-05-04,Palermo,Remera Básica,Indumentaria,3,8683.65,26050.95,Felipe Hernandez Villalba
407,2024-05-05,Belgrano,Cargador USB-C,Electrónica,4,6207.91,24831.64,Paloma Nicolas Garcia Garcia
2646,2024-05-05,Belgrano,Juego de Sábanas,Hogar,3,15628.4,46885.2,Simon Julieta Torres
821,2024-05-05,Nuñez,Botella Térmica,Deportes,5,10178.31,50891.55,Thiago Benjamin Ferreyra
2694,2024-05-05,Nuñez,Botella Térmica,Deportes,3,9561.0,28683.0,Dr(a). Josefina Diaz
2670,2024-05-05,Nuñez,Remera Básica,Indumentaria,3,8917.73,26753.19,Simon Benjamin Gonzalez
2223,2024-05-05,Belgrano,Set de Vasos,Hogar,4,8189.69,32758.76,Agustina Oriana Flores
1581,2024-05-06,Nuñez,Remera Básica,Indumentaria,2,8740.17,17480.34,Sara Blanco Suarez
1245,2024-05-06,Nuñez,Botella Térmica,Deportes,1,9602.82,9602.82,Ramiro Benicio Sanchez Franco
1372,2024-05-06,Palermo,Auriculares Bluetooth,Electrónica,3,17109.16,51327.48,Elena Isabella Mendoza
1190,2024-05-06,Belgrano,Juego de Sábanas,Hogar,3,15133.24,45399.72,Miguel Angel Rodriguez Diaz
1040,2024-05-07,Palermo,Pelota de Fútbol,Deportes,1,12500.06,12500.06,Sr(a). Geronimo Paz
1932,2024-05-07,Palermo,Parlante Portátil,Electrónica,4,24302.43,97209.72,Sr(a). Santino Gonzalez
2126,2024-05-07,Nuñez,Remera Básica,Indumentaria,3,8956.38,26869.14,Sr(a). Juan Ignacio Figueroa
1119,2024-05-08,Palermo,Parlante Portátil,Electrónica,5,25122.12,125610.6,Joaquina Santino Benjamin Soria
2743,2024-05-09,Nuñez,Campera de Abrigo,Indumentaria,4,33597.21,134388.84,Martina Luciano Cabrera
1194,2024-05-09,Nuñez,Parlante Portátil,Electrónica,5,25588.56,127942.8,Dr(a). Thiago Valentin Vazquez
1678,2024-05-09,Nuñez,Auriculares Bluetooth,Electrónica,4,18594.14,74376.56,Emiliano Maria Luz Torres Vera
2211,2024-05-09,Nuñez,Cargador USB-C,Electrónica,2,6746.13,13492.26,Julieta Alma Mia Duarte
219,2024-05-09,Palermo,Pelota de Fútbol,Deportes,3,11834.58,35503.74,Francesca Dominguez
2384,2024-05-09,Belgrano,Auriculares Bluetooth,Electrónica,5,17354.76,86773.8,Constanza Lucas Fernandez
1992,2024-05-09,Palermo,Cargador USB-C,Electrónica,1,6358.61,6358.61,Alma Ciro Castillo Ruiz
2342,2024-05-10,Belgrano,Parlante Portátil,Electrónica,5,25486.79,127433.95,Felipe Lopez
48,2024-05-10,Belgrano,Parlante Portátil,Electrónica,3,25997.45,77992.35,Benicio Ramirez
2570,2024-05-10,Palermo,Parlante Portátil,Electrónica,4,23920.25,95681.0,Dr(a). Giuliana Rodriguez
2451,2024-05-10,Belgrano,Pelota de Fútbol,Deportes,1,11692.44,11692.44,Pilar Morales Diaz
2449,2024-05-10,Nuñez,Juego de Sábanas,Hogar,2,15718.01,31436.02,Juan Gabriel Bustos
2446,2024-05-10,Nuñez,Set de Vasos,Hogar,2,7708.22,15416.44,Catalina Felipe Gonzalez Velazquez
1910,2024-05-10,Nuñez,Juego de Sábanas,Hogar,5,15583.12,77915.6,Elena Sanchez Farias
60,2024-05-10,Nuñez,Set de Vasos,Hogar,4,8141.85,32567.4,Clara Molina Cardozo
1751,2024-05-11,Palermo,Campera de Abrigo,Indumentaria,2,30625.68,61251.36,Mora Lorenzo Flores Gonzalez
2492,2024-05-11,Nuñez,Parlante Portátil,Electrónica,2,24549.47,49098.94,Augusto Mateo Benjamin Gonzalez Castillo
1553,2024-05-11,Belgrano,Cargador USB-C,Electrónica,2,6434.92,12869.84,Sr(a). Delfina Paez
21,2024-05-11,Nuñez,Cargador USB-C,Electrónica,5,6282.33,31411.65,Felipe Fernandez
1835,2024-05-11,Nuñez,Parlante Portátil,Electrónica,1,24059.79,24059.79,Bautista Peralta
1820,2024-05-11,Belgrano,Set de Vasos,Hogar,4,7650.5,30602.0,Octavio Lucero
593,2024-05-11,Nuñez,Juego de Sábanas,Hogar,4,14967.48,59869.92,Benjamin Ramirez
2607,2024-05-12,Nuñez,Campera de Abrigo,Indumentaria,2,30757.74,61515.48,Simon Torres Morales
188,2024-05-12,Nuñez,Set de Vasos,Hogar,1,7847.67,7847.67,Guillermina Morena Rodriguez Gonzalez
226,2024-05-12,Nuñez,Pelota de Fútbol,Deportes,1,11478.9,11478.9,Dr(a). Benjamin Alejandro Morales
638,2024-05-12,Palermo,Cargador USB-C,Electrónica,1,6306.35,6306.35,Bastian Salvador Carrizo Sanchez
1424,2024-05-12,Belgrano,Auriculares Bluetooth,Electrónica,4,18283.65,73134.6,Catalina Juarez Torres
2255,2024-05-13,Belgrano,Cargador USB-C,Electrónica,3,6520.18,19560.54,Mora Gomez Rodriguez
2328,2024-05-13,Belgrano,Auriculares Bluetooth,Electrónica,3,17564.56,52693.68,Valentino Juan David Ayala Alvarez
2228,2024-05-13,Palermo,Botella Térmica,Deportes,1,9634.72,9634.72,Alexander Rafael Gutierrez Escobar
2736,2024-05-14,Palermo,Auriculares Bluetooth,Electrónica,2,17267.12,34534.24,Lorenzo Soria Arias
1528,2024-05-14,Nuñez,Parlante Portátil,Electrónica,1,23890.12,23890.12,Dr(a). Ambar Caceres
1591,2024-05-15,Belgrano,Juego de Sábanas,Hogar,1,14560.51,14560.51,Salvador Sofia Carrizo
360,2024-05-15,Nuñez,Set de Vasos,Hogar,3,8262.79,24788.37,Sr(a). Emilia Coronel
933,2024-05-15,Belgrano,Botella Térmica,Deportes,5,9932.93,49664.65,Santino Cabrera
2876,2024-05-15,Nuñez,Cargador USB-C,Electrónica,4,6224.41,24897.64,Josefina Vazquez Figueroa
2247,2024-05-17,Palermo,Remera Básica,Indumentaria,3,8888.02,26664.06,Sr(a). Lorenzo Garcia
349,2024-05-17,Nuñez,Cargador USB-C,Electrónica,2,6373.5,12747.0,Sr(a). Antonella Hernandez
883,2024-05-17,Nuñez,Set de Vasos,Hogar,4,7989.96,31959.84,Thiago Godoy Vazquez
2898,2024-05-17,Palermo,Auriculares Bluetooth,Electrónica,1,17572.1,17572.1,Benjamin Ferreyra
2103,2024-05-17,Belgrano,Cargador USB-C,Electrónica,1,6612.89,6612.89,Tiziano Diaz
469,2024-05-17,Palermo,Set de Vasos,Hogar,4,7887.4,31549.6,Dr(a). Kiara Ruiz
2823,2024-05-17,Palermo,Cargador USB-C,Electrónica,3,6672.3,20016.9,Ramiro Lautaro Benjamin Benitez Sosa
2078,2024-05-18,Belgrano,Botella Térmica,Deportes,2,10039.03,20078.06,Santiago Avila
2810,2024-05-18,Palermo,Set de Vasos,Hogar,4,8371.21,33484.84,Juan Ignacio Pereyra Moreno
1739,2024-05-18,Belgrano,Set de Vasos,Hogar,2,7834.37,15668.74,Malena Vega Suarez
2555,2024-05-18,Palermo,Auriculares Bluetooth,Electrónica,2,17450.83,34901.66,Juana Gonzalez Maidana
2727,2024-05-18,Nuñez,Campera de Abrigo,Indumentaria,3,31029.1,93087.3,Sr(a). Benjamin Miranda
614,2024-05-19,Palermo,Set de Vasos,Hogar,4,8028.08,32112.32,Constanza Nina Luna Avila
2767,2024-05-19,Belgrano,Cargador USB-C,Electrónica,3,6589.16,19767.48,Juan Bautista Arias Gonzalez
918,2024-05-19,Nuñez,Parlante Portátil,Electrónica,2,25320.74,50641.48,Mia Jazmin Aguero
1196,2024-05-19,Nuñez,Set de Vasos,Hogar,5,8148.1,40740.5,Lautaro Nicolas Lopez
328,2024-05-19,Belgrano,Auriculares Bluetooth,Electrónica,5,18805.1,94025.5,Salvador Lautaro Rodriguez Medina
802,2024-05-19,Belgrano,Auriculares Bluetooth,Electrónica,4,17925.44,71701.76,Luca Maria Belen Herrera
202,2024-05-20,Palermo,Remera Básica,Indumentaria,4,9176.46,36705.84,Alejo Diaz
2681,2024-05-20,Nuñez,Botella Térmica,Deportes,5,9687.53,48437.65,Santino Rodriguez
2356,2024-05-20,Nuñez,Pelota de Fútbol,Deportes,2,11443.72,22887.44,Dr(a). Martina Garcia
261,2024-05-20,Belgrano,Botella Térmica,Deportes,5,9739.28,48696.4,Sr(a). Francesca Torres
1147,2024-05-22,Palermo,Cargador USB-C,Electrónica,1,6739.85,6739.85,Ana Paula Perez
1415,2024-05-22,Palermo,Remera Básica,Indumentaria,3,9381.76,28145.28,Maximiliano Lorenzo Ayala Mendez
2885,2024-05-23,Belgrano,Pelota de Fútbol,Deportes,5,12568.59,62842.95,Thiago Nahuel Mendoza
907,2024-05-23,Nuñez,Parlante Portátil,Electrónica,5,25586.2,127931.0,Santino Thiago Emanuel Suarez
1926,2024-05-23,Palermo,Remera Básica,Indumentaria,3,9234.11,27702.33,Julieta Morales Rodriguez
1839,2024-05-23,Belgrano,Parlante Portátil,Electrónica,5,24158.45,120792.25,Maria Paz Ramirez
777,2024-05-23,Belgrano,Remera Básica,Indumentaria,1,9197.77,9197.77,Dr(a). Delfina Nuñez
2663,2024-05-24,Belgrano,Juego de Sábanas,Hogar,5,15347.7,76738.5,Alma Mia Maria Luz Medina Silva
533,2024-05-24,Palermo,Remera Básica,Indumentaria,1,9065.45,9065.45,Isabella Romero
340,2024-05-25,Palermo,Cargador USB-C,Electrónica,3,6470.97,19412.91,Lisandro Ambar Barrios Hernandez
361,2024-05-25,Belgrano,Campera de Abrigo,Indumentaria,3,32409.0,97227.0,Tomàs Agustina Rivero Gomez
2813,2024-05-25,Palermo,Cargador USB-C,Electrónica,1,6653.27,6653.27,Dr(a). Sofia Gonzalez
2216,2024-05-25,Belgrano,Auriculares Bluetooth,Electrónica,5,18570.0,92850.0,Agostina Soria
861,2024-05-25,Palermo,Cargador USB-C,Electrónica,3,6256.47,18769.41,Maia Romero
1959,2024-05-25,Belgrano,Set de Vasos,Hogar,2,8322.93,16645.86,Dr(a). Juliana Sanchez
2680,2024-05-26,Palermo,Auriculares Bluetooth,Electrónica,5,17932.97,89664.85,Juan Martin Sosa Rodriguez
2477,2024-05-26,Nuñez,Campera de Abrigo,Indumentaria,3,32242.29,96726.87,Josefina Sanchez
1826,2024-05-26,Nuñez,Set de Vasos,Hogar,1,7979.0,7979.0,Maria Paz Mansilla Perez
1670,2024-05-26,Nuñez,Juego de Sábanas,Hogar,1,15364.78,15364.78,Santino Abril Maidana
2122,2024-05-26,Nuñez,Botella Térmica,Deportes,5,10331.39,51656.95,Lautaro Acuña Acuña
1768,2024-05-27,Belgrano,Parlante Portátil,Electrónica,4,25526.71,102106.84,Dr(a). Julieta Correa
2315,2024-05-28,Nuñez,Botella Térmica,Deportes,1,9942.85,9942.85,Morena Olivera Martinez
691,2024-05-28,Palermo,Parlante Portátil,Electrónica,1,24798.95,24798.95,Sofia Sofía Lopez Ruiz
2504,2024-05-28,Palermo,Set de Vasos,Hogar,2,8385.72,16771.44,Dr(a). Alejo Sanchez
1048,2024-05-29,Belgrano,Remera Básica,Indumentaria,3,9093.0,27279.0,Maximo Torres
259,2024-05-29,Belgrano,Campera de Abrigo,Indumentaria,3,33457.0,100371.0,Juan Ignacio Gonzalez
928,2024-05-29,Belgrano,Juego de Sábanas,Hogar,3,14603.23,43809.69,Dr(a). Thiago Agustin Torres
2785,2024-05-29,Palermo,Remera Básica,Indumentaria,3,9327.68,27983.04,Sr(a). Isabella Aguirre
437,2024-05-30,Nuñez,Campera de Abrigo,Indumentaria,4,30953.21,123812.84,Emiliano Aguirre
560,2024-05-30,Nuñez,Auriculares Bluetooth,Electrónica,3,18760.4,56281.2,Lucia Gonzalez Gimenez
2421,2024-05-30,Nuñez,Parlante Portátil,Electrónica,4,23926.65,95706.6,Mora Ramirez Aguirre
939,2024-05-31,Palermo,Pelota de Fútbol,Deportes,1,11644.48,11644.48,Sr(a). Helena Lopez
1720,2024-05-31,Belgrano,Auriculares Bluetooth,Electrónica,3,17217.74,51653.22,Juan Bautista Alexander Lucero
1395,2024-05-31,Belgrano,Cargador USB-C,Electrónica,4,6253.08,25012.32,Ciro Thiago Daniel Figueroa Garcia
1602,2024-05-31,Nuñez,Set de Vasos,Hogar,1,7776.82,7776.82,Lautaro Benjamin Martina Romero Gomez
1977,2024-05-31,Palermo,Set de Vasos,Hogar,2,8304.6,16609.2,Juana Gimenez Molina
2575,2024-05-31,Palermo,Pelota de Fútbol,Deportes,1,11615.85,11615.85,Julieta Josefina Olivera
2081,2024-05-31,Nuñez,Cargador USB-C,Electrónica,1,6449.38,6449.38,Faustino Torres
833,2024-05-31,Belgrano,Remera Básica,Indumentaria,5,9427.92,47139.6,Sr(a). Joaquin Hernandez
2467,2024-05-31,Nuñez,Cargador USB-C,Electrónica,3,6764.84,20294.52,Julian Sofía Flores Ortiz
2487,2024-05-31,Nuñez,Remera Básica,Indumentaria,4,8966.52,35866.08,Morena Isabella Garcia Velazquez
1132,2024-05-31,Nuñez,Remera Básica,Indumentaria,4,9399.84,37599.36,Valentin Aguero
770,2024-06-01,Belgrano,Auriculares Bluetooth,Electrónica,1,18779.21,18779.21,Dr(a). Benjamin Avila
2235,2024-06-01,Palermo,Cargador USB-C,Electrónica,2,6681.49,13362.98,Thiago Torres
2725,2024-06-01,Palermo,Pelota de Fútbol,Deportes,4,12233.35,48933.4,Catalina Nicolas Gimenez
1169,2024-06-01,Nuñez,Botella Térmica,Deportes,4,9745.0,38980.0,Josefina Lautaro Benjamin Moreno
2780,2024-06-01,Nuñez,Juego de Sábanas,Hogar,3,15087.5,45262.5,Facundo Silva Gonzalez
2194,2024-06-02,Palermo,Remera Básica,Indumentaria,1,8805.13,8805.13,Sr(a). Ciro Fernandez
653,2024-06-02,Nuñez,Botella Térmica,Deportes,2,9653.2,19306.4,Juana Angel Gabriel Acosta
623,2024-06-03,Palermo,Juego de Sábanas,Hogar,2,14762.87,29525.74,Lautaro Alma Caceres
2787,2024-06-03,Nuñez,Campera de Abrigo,Indumentaria,4,33099.13,132396.52,Martina Luciano Juarez
621,2024-06-04,Palermo,Remera Básica,Indumentaria,5,8569.92,42849.6,Sr(a). Lautaro Gonzalez
1688,2024-06-04,Palermo,Campera de Abrigo,Indumentaria,2,32551.16,65102.32,Gael Acuña Herrera
1930,2024-06-04,Nuñez,Set de Vasos,Hogar,5,7853.37,39266.85,Emiliano Rios
1781,2024-06-04,Palermo,Botella Térmica,Deportes,1,10032.31,10032.31,Dr(a). Francisco Rodriguez
1320,2024-06-05,Nuñez,Botella Térmica,Deportes,3,9614.79,28844.37,Lautaro Benjamin Benjamin Silva Romero
740,2024-06-06,Nuñez,Juego de Sábanas,Hogar,2,14451.42,28902.84,Sr(a). Delfina Mendez
1224,2024-06-06,Nuñez,Set de Vasos,Hogar,2,7934.57,15869.14,Sr(a). Emma Perez
943,2024-06-06,Belgrano,Cargador USB-C,Electrónica,4,6714.95,26859.8,Luciana Fernandez
2561,2024-06-07,Palermo,Remera Básica,Indumentaria,3,9402.52,28207.56,Tiziano Lucía Molina Torres
191,2024-06-07,Palermo,Pelota de Fútbol,Deportes,1,12009.23,12009.23,Sr(a). Angel Gabriel Carrizo
286,2024-06-07,Palermo,Campera de Abrigo,Indumentaria,1,30503.1,30503.1,Sr(a). Pedro Paez
516,2024-06-07,Palermo,Set de Vasos,Hogar,3,8077.5,24232.5,Bautista Soto
1842,2024-06-07,Nuñez,Campera de Abrigo,Indumentaria,1,33005.97,33005.97,Facundo Martina Fernandez
630,2024-06-07,Palermo,Campera de Abrigo,Indumentaria,1,31195.91,31195.91,Santiago Milagros Ruiz
1974,2024-06-08,Nuñez,Remera Básica,Indumentaria,5,9018.04,45090.2,Valentin Ramirez
380,2024-06-08,Belgrano,Parlante Portátil,Electrónica,4,25216.09,100864.36,Lautaro Gabriel Suarez
649,2024-06-08,Palermo,Parlante Portátil,Electrónica,3,25974.06,77922.18,Nicolas Gomez
1776,2024-06-08,Belgrano,Juego de Sábanas,Hogar,5,15422.79,77113.95,Tiziano Benjamin Tomàs Suarez
1833,2024-06-09,Nuñez,Campera de Abrigo,Indumentaria,3,30744.78,92234.34,Facundo Felipe Flores Ramirez
103,2024-06-09,Palermo,Botella Térmica,Deportes,4,10189.37,40757.48,Mora Julieta Molina
2657,2024-06-09,Belgrano,Pelota de Fútbol,Deportes,3,12043.29,36129.87,Olivia Milagros Rojas
1091,2024-06-10,Palermo,Auriculares Bluetooth,Electrónica,5,17625.4,88127.0,Sofia Sofia Martinez Rios
1942,2024-06-10,Belgrano,Set de Vasos,Hogar,5,8116.01,40580.05,Matias Romero
386,2024-06-10,Belgrano,Parlante Portátil,Electrónica,1,25985.67,25985.67,Mateo Ezequiel Romero Gomez
2750,2024-06-10,Nuñez,Auriculares Bluetooth,Electrónica,5,18837.84,94189.2,Valentin Juan Cruz Gomez
2593,2024-06-10,Nuñez,Remera Básica,Indumentaria,3,8655.32,25965.96,Alvaro Bruno Gutierrez Lopez
2239,2024-06-10,Palermo,Cargador USB-C,Electrónica,4,6441.57,25766.28,Santino Emilia Fernandez
446,2024-06-11,Belgrano,Pelota de Fútbol,Deportes,5,11884.06,59420.3,Camila Arias Romero
2171,2024-06-11,Belgrano,Botella Térmica,Deportes,1,10350.87,10350.87,Geronimo Lopez Suarez
2563,2024-06-12,Palermo,Remera Básica,Indumentaria,2,9018.28,18036.56,Juan Bautista Ramiro Sosa Sosa
990,2024-06-12,Nuñez,Set de Vasos,Hogar,5,8074.0,40370.0,Agustin Rojas Fernandez
413,2024-06-12,Palermo,Set de Vasos,Hogar,2,7813.22,15626.44,Dr(a). Milo Paz
1593,2024-06-12,Belgrano,Parlante Portátil,Electrónica,1,23767.21,23767.21,Dr(a). Lautaro Mendez
2902,2024-06-13,Palermo,Parlante Portátil,Electrónica,4,23984.12,95936.48,Valentina Jazmin Emanuel Gomez Lopez
535,2024-06-13,Palermo,Botella Térmica,Deportes,5,10334.75,51673.75,Lola Garcia
2614,2024-06-14,Nuñez,Juego de Sábanas,Hogar,2,15065.96,30131.92,Octavio Tiziano Guzman Romero
18,2024-06-14,Nuñez,Set de Vasos,Hogar,5,8334.79,41673.95,Francisco Gonzalez Sanchez
2645,2024-06-14,Nuñez,Auriculares Bluetooth,Electrónica,1,17156.21,17156.21,Morena Abril Sosa
2263,2024-06-14,Belgrano,Cargador USB-C,Electrónica,1,6528.84,6528.84,Catalina Gonzalez Molina
972,2024-06-14,Palermo,Botella Térmica,Deportes,2,9969.24,19938.48,Dr(a). Máximo Paz
974,2024-06-14,Palermo,Pelota de Fútbol,Deportes,3,12228.84,36686.52,Sr(a). Rafael Castillo
2830,2024-06-14,Belgrano,Botella Térmica,Deportes,3,9759.56,29278.68,Camila Franco
1590,2024-06-14,Nuñez,Campera de Abrigo,Indumentaria,2,30960.68,61921.36,Valentina  Zoe Vargas Ayala
1804,2024-06-15,Palermo,Remera Básica,Indumentaria,5,8817.05,44085.25,Lara Ignacio Fernandez
857,2024-06-15,Belgrano,Pelota de Fútbol,Deportes,2,12004.06,24008.12,Dr(a). Juan Gabriel Mansilla
947,2024-06-15,Palermo,Campera de Abrigo,Indumentaria,4,31311.79,125247.16,Lautaro Gabriel Lara Campos
852,2024-06-15,Belgrano,Auriculares Bluetooth,Electrónica,2,17675.43,35350.86,Dr(a). Antonella Peralta
2937,2024-06-15,Palermo,Campera de Abrigo,Indumentaria,1,31918.61,31918.61,Dr(a). Tiziano Ramirez
2016,2024-06-15,Nuñez,Set de Vasos,Hogar,2,8017.67,16035.34,Genaro Catalina Quiroga
2962,2024-06-15,Belgrano,Parlante Portátil,Electrónica,3,24287.37,72862.11,Malena Luisina Gonzalez
1559,2024-06-16,Palermo,Campera de Abrigo,Indumentaria,5,33069.54,165347.7,Renata Lautaro Benjamin Vega Navarro
853,2024-06-16,Belgrano,Parlante Portátil,Electrónica,3,24798.79,74396.37,Ambar Franco Perez
2571,2024-06-16,Palermo,Auriculares Bluetooth,Electrónica,2,17626.81,35253.62,Milena Lara Romero Gomez
2154,2024-06-16,Nuñez,Cargador USB-C,Electrónica,1,6317.27,6317.27,Bautista Ojeda
2012,2024-06-16,Palermo,Campera de Abrigo,Indumentaria,3,31390.38,94171.14,Malena Gonzalez
2676,2024-06-16,Belgrano,Remera Básica,Indumentaria,1,9036.27,9036.27,Ambar Lopez Gimenez
2988,2024-06-16,Nuñez,Cargador USB-C,Electrónica,1,6601.82,6601.82,Joaquin Escobar
1869,2024-06-16,Nuñez,Pelota de Fútbol,Deportes,3,12271.44,36814.32,Mora Romero Gonzalez
2870,2024-06-16,Belgrano,Juego de Sábanas,Hogar,2,14260.86,28521.72,Paulina Santino Nicolas Gimenez
601,2024-06-16,Nuñez,Cargador USB-C,Electrónica,3,6484.75,19454.25,Dr(a). Luciana Romero
2844,2024-06-17,Belgrano,Cargador USB-C,Electrónica,3,6277.45,18832.35,Josefina Castro Gomez
137,2024-06-17,Nuñez,Remera Básica,Indumentaria,4,9420.65,37682.6,Valentina Rodriguez
2863,2024-06-18,Nuñez,Cargador USB-C,Electrónica,1,6762.68,6762.68,Agustín Aguero Gonzalez
490,2024-06-18,Belgrano,Pelota de Fútbol,Deportes,4,11784.76,47139.04,Joaquin Jazmín Escobar
1963,2024-06-18,Palermo,Remera Básica,Indumentaria,1,8681.35,8681.35,Mia Jazmin León Cruz
485,2024-06-19,Belgrano,Pelota de Fútbol,Deportes,1,12577.88,12577.88,Enzo Benjamin Ortiz Gomez
1104,2024-06-20,Nuñez,Parlante Portátil,Electrónica,5,24019.21,120096.05,Ciro Gonzalo Torres
1019,2024-06-20,Nuñez,Set de Vasos,Hogar,4,7818.64,31274.56,Abril Pilar Sosa
1948,2024-06-20,Belgrano,Pelota de Fútbol,Deportes,2,12123.16,24246.32,Micaela Thiago Ruiz Paz
1951,2024-06-20,Belgrano,Parlante Portátil,Electrónica,2,25866.34,51732.68,Martina Martina Diaz Lopez
2018,2024-06-20,Palermo,Campera de Abrigo,Indumentaria,4,32875.08,131500.32,Dr(a). Vicente Rodriguez
749,2024-06-20,Belgrano,Set de Vasos,Hogar,5,8199.54,40997.7,Catalina Thiago Leonel Correa
786,2024-06-21,Belgrano,Parlante Portátil,Electrónica,5,24162.52,120812.6,Tomàs Thiago Benjamin Martinez Rodriguez
359,2024-06-21,Palermo,Parlante Portátil,Electrónica,3,24473.33,73419.99,Isabella Jazmin Torres Maidana
177,2024-06-21,Nuñez,Campera de Abrigo,Indumentaria,1,32097.94,32097.94,Juana Nuñez
1706,2024-06-21,Belgrano,Pelota de Fútbol,Deportes,1,11627.75,11627.75,Ezequiel Aguirre
876,2024-06-21,Nuñez,Cargador USB-C,Electrónica,2,6395.11,12790.22,Olivia Nuñez Lopez
2913,2024-06-21,Belgrano,Set de Vasos,Hogar,3,7942.72,23828.16,Juan Ignacio Fernandez Aguirre
2912,2024-06-21,Palermo,Parlante Portátil,Electrónica,2,24863.24,49726.48,Valentina Rodriguez
471,2024-06-22,Palermo,Parlante Portátil,Electrónica,1,24687.98,24687.98,Lautaro Benitez Perez
1011,2024-06-22,Nuñez,Campera de Abrigo,Indumentaria,3,30980.67,92942.01,Nina Silva Vazquez
750,2024-06-22,Palermo,Set de Vasos,Hogar,3,8247.12,24741.36,Martina Medina Lopez
727,2024-06-23,Belgrano,Remera Básica,Indumentaria,3,9094.0,27282.0,Juan Francisco Ojeda
2627,2024-06-23,Nuñez,Auriculares Bluetooth,Electrónica,3,18134.54,54403.62,Francisco Rodriguez Duarte
1505,2024-06-23,Belgrano,Campera de Abrigo,Indumentaria,5,31959.02,159795.1,Santiago Hernandez
2167,2024-06-24,Palermo,Parlante Portátil,Electrónica,3,24569.73,73709.19,Santiago Benjamin Guzman Ferreyra
2152,2024-06-24,Belgrano,Remera Básica,Indumentaria,4,8647.84,34591.36,Dylan Ezequiel Manuel Romero
1082,2024-06-24,Palermo,Set de Vasos,Hogar,5,7742.11,38710.55,Dr(a). Milo Navarro
1719,2024-06-24,Belgrano,Pelota de Fútbol,Deportes,4,12070.8,48283.2,Valentino Uma Gonzalez Lopez
443,2024-06-25,Palermo,Pelota de Fútbol,Deportes,2,12141.89,24283.78,Sr(a). Guadalupe Garcia
1730,2024-06-25,Palermo,Remera Básica,Indumentaria,5,8998.38,44991.9,Martina Sosa
2894,2024-06-25,Palermo,Botella Térmica,Deportes,3,9508.62,28525.86,Joaquin Ruiz
1662,2024-06-25,Belgrano,Parlante Portátil,Electrónica,5,26163.25,130816.25,Felipe Gonzalez Figueroa
2351,2024-06-25,Belgrano,Campera de Abrigo,Indumentaria,3,33333.73,100001.19,Maria Emilia Camila Rodriguez
2583,2024-06-25,Nuñez,Remera Básica,Indumentaria,4,9400.81,37603.24,Valentino Maria Emilia Martinez
2169,2024-06-27,Nuñez,Cargador USB-C,Electrónica,5,6265.18,31325.9,Morena Carrizo Gimenez
2498,2024-06-27,Palermo,Pelota de Fútbol,Deportes,3,12423.44,37270.32,Sr(a). Dante Dominguez
152,2024-06-27,Palermo,Remera Básica,Indumentaria,2,9217.55,18435.1,Dr(a). Mora Ayala
151,2024-06-27,Belgrano,Botella Térmica,Deportes,1,9631.8,9631.8,Lucia Benitez
402,2024-06-27,Nuñez,Campera de Abrigo,Indumentaria,4,33134.72,132538.88,Ian Ezequiel Gomez
2331,2024-06-28,Palermo,Parlante Portátil,Electrónica,2,26158.2,52316.4,Bruno Ramos
1609,2024-06-28,Belgrano,Botella Térmica,Deportes,4,9514.23,38056.92,Thiago Nicolas Escobar Lopez
266,2024-06-28,Nuñez,Juego de Sábanas,Hogar,2,15650.88,31301.76,Manuel Maria Belen Sosa Ruiz
1758,2024-06-28,Belgrano,Remera Básica,Indumentaria,2,9361.41,18722.82,Catalina Dominguez
1654,2024-06-28,Palermo,Cargador USB-C,Electrónica,5,6645.94,33229.7,Delfina Soto
1199,2024-06-28,Nuñez,Auriculares Bluetooth,Electrónica,2,18024.63,36049.26,Dr(a). Juan Gabriel Ramirez
136,2024-06-28,Belgrano,Cargador USB-C,Electrónica,5,6744.7,33723.5,Delfina Juan Cruz Coronel Alvarez
542,2024-06-28,Belgrano,Pelota de Fútbol,Deportes,1,12410.15,12410.15,Francisca Lopez Coronel
2357,2024-06-28,Nuñez,Cargador USB-C,Electrónica,2,6715.57,13431.14,Sr(a). Bautista Luna
416,2024-06-28,Nuñez,Parlante Portátil,Electrónica,1,23890.42,23890.42,Sr(a). Camilo Fernandez
110,2024-06-28,Nuñez,Auriculares Bluetooth,Electrónica,4,18748.93,74995.72,Isabella Velazquez Cabrera
753,2024-06-28,Belgrano,Pelota de Fútbol,Deportes,2,11981.9,23963.8,Victoria Tomàs Fernandez
794,2024-06-29,Belgrano,Pelota de Fútbol,Deportes,1,11464.83,11464.83,Manuel Mendoza Gomez
2015,2024-06-29,Belgrano,Cargador USB-C,Electrónica,2,6529.45,13058.9,Tiziano Valentin Maria Paz Medina
2485,2024-06-29,Nuñez,Set de Vasos,Hogar,5,8238.01,41190.05,Catalina Figueroa
2404,2024-06-30,Belgrano,Set de Vasos,Hogar,2,7906.1,15812.2,Sr(a). Bautista Carrizo
1732,2024-06-30,Belgrano,Parlante Portátil,Electrónica,4,23825.85,95303.4,Juan Ignacio Catalina Aguero
1478,2024-07-01,Nuñez,Juego de Sábanas,Hogar,3,15170.07,45510.21,Isabella Torres Diaz
2638,2024-07-02,Nuñez,Auriculares Bluetooth,Electrónica,3,17745.42,53236.26,Lautaro Alma Ayala Martinez
2608,2024-07-02,Nuñez,Parlante Portátil,Electrónica,2,23792.77,47585.54,Thiago Gabriel Sanchez Quiroga
2847,2024-07-02,Palermo,Auriculares Bluetooth,Electrónica,2,18444.38,36888.76,Sebastian Santiago Luna
1565,2024-07-02,Belgrano,Pelota de Fútbol,Deportes,4,11421.02,45684.08,Ciro Morena Castillo Martinez
309,2024-07-02,Palermo,Auriculares Bluetooth,Electrónica,1,18043.89,18043.89,Camila Matias Gonzalez
412,2024-07-03,Belgrano,Campera de Abrigo,Indumentaria,5,31100.86,155504.3,Josefina Franco Muñoz
164,2024-07-03,Palermo,Set de Vasos,Hogar,3,8337.23,25011.69,Valentina Juan Ignacio Lopez Gomez
127,2024-07-03,Nuñez,Juego de Sábanas,Hogar,1,15164.24,15164.24,Jazmín Vazquez Alvarez
2596,2024-07-03,Nuñez,Parlante Portátil,Electrónica,4,23939.99,95759.96,Bautista Mansilla
1213,2024-07-04,Nuñez,Botella Térmica,Deportes,5,10128.91,50644.55,Thiago Valentin Juan Francisco Soria
459,2024-07-04,Nuñez,Auriculares Bluetooth,Electrónica,4,17330.3,69321.2,Franco Quiroga Lopez
2667,2024-07-05,Palermo,Campera de Abrigo,Indumentaria,1,32041.54,32041.54,Martina Perez
1262,2024-07-05,Palermo,Campera de Abrigo,Indumentaria,2,32793.94,65587.88,Luciano Herrera Gimenez
2584,2024-07-05,Palermo,Set de Vasos,Hogar,3,8285.72,24857.16,Sr(a). Agustin Garcia
2701,2024-07-05,Nuñez,Auriculares Bluetooth,Electrónica,2,18080.46,36160.92,Gabriel Emma Bustos
1218,2024-07-05,Belgrano,Set de Vasos,Hogar,1,8128.34,8128.34,Felipe Romero
2268,2024-07-05,Palermo,Juego de Sábanas,Hogar,5,15264.55,76322.75,Santiago Tomàs Gomez
1623,2024-07-05,Nuñez,Set de Vasos,Hogar,3,8314.69,24944.07,Emiliano Gomez
2556,2024-07-06,Belgrano,Pelota de Fútbol,Deportes,2,12187.23,24374.46,Nina Luca Flores
2721,2024-07-06,Palermo,Campera de Abrigo,Indumentaria,1,33573.94,33573.94,Lorenzo Victoria Lucero
2895,2024-07-06,Nuñez,Cargador USB-C,Electrónica,4,6284.2,25136.8,Sr(a). Valentin Rodriguez
1893,2024-07-06,Belgrano,Auriculares Bluetooth,Electrónica,5,18621.97,93109.85,Paulina Rojas
1010,2024-07-06,Palermo,Set de Vasos,Hogar,1,7723.38,7723.38,Ian Benjamin Paez Roldan
1997,2024-07-07,Nuñez,Campera de Abrigo,Indumentaria,2,33453.73,66907.46,Bautista Alvarez
2428,2024-07-07,Belgrano,Parlante Portátil,Electrónica,4,25093.1,100372.4,Bianca Thiago Benjamin Dominguez
2956,2024-07-07,Nuñez,Remera Básica,Indumentaria,4,9118.21,36472.84,Lisandro Emma Herrera Vera
2361,2024-07-08,Palermo,Cargador USB-C,Electrónica,1,6185.58,6185.58,Benjamin Benicio Garcia Ruiz
2722,2024-07-08,Palermo,Set de Vasos,Hogar,3,8265.91,24797.73,Santino Emilia Gomez Perez
2523,2024-07-08,Palermo,Pelota de Fútbol,Deportes,4,12209.94,48839.76,Sofia Caceres
960,2024-07-08,Palermo,Parlante Portátil,Electrónica,5,24398.29,121991.45,Milena Bustos
1392,2024-07-08,Belgrano,Cargador USB-C,Electrónica,2,6286.0,12572.0,Ramiro Rojas Silva
1676,2024-07-09,Belgrano,Campera de Abrigo,Indumentaria,4,32870.42,131481.68,Sr(a). Morena Torres
1140,2024-07-09,Belgrano,Cargador USB-C,Electrónica,2,6700.97,13401.94,Bautista Benjamin Figueroa Luna
2795,2024-07-09,Palermo,Set de Vasos,Hogar,1,7694.77,7694.77,Dr(a). Valentino Hernandez
2733,2024-07-09,Nuñez,Cargador USB-C,Electrónica,3,6380.54,19141.62,Benjamin Ezequiel Maria Emilia Diaz Rodriguez
2434,2024-07-09,Belgrano,Botella Térmica,Deportes,5,10236.95,51184.75,Juan Silva Fernandez
668,2024-07-09,Palermo,Botella Térmica,Deportes,4,10060.69,40242.76,Juan Francisco Violeta Ruiz Martin
2057,2024-07-10,Belgrano,Auriculares Bluetooth,Electrónica,3,18397.59,55192.77,Dr(a). Tiziano Benjamin Romero
1083,2024-07-10,Palermo,Pelota de Fútbol,Deportes,4,11740.58,46962.32,Thiago Ezequiel Escobar
1950,2024-07-10,Nuñez,Pelota de Fútbol,Deportes,1,11790.57,11790.57,Valentino Benitez Morales
2672,2024-07-11,Belgrano,Cargador USB-C,Electrónica,4,6497.77,25991.08,Renata Clara Rodriguez
1537,2024-07-11,Nuñez,Parlante Portátil,Electrónica,2,24192.78,48385.56,Lucas Martina Sanchez
497,2024-07-11,Palermo,Campera de Abrigo,Indumentaria,4,31089.89,124359.56,Helena Luca Acuña Torres
1904,2024-07-12,Palermo,Set de Vasos,Hogar,4,7982.99,31931.96,Dr(a). Joaquin Diaz
1803,2024-07-12,Nuñez,Botella Térmica,Deportes,1,9688.2,9688.2,Paloma Paulina Aguirre Aguero
2896,2024-07-12,Belgrano,Set de Vasos,Hogar,3,8304.65,24913.95,Ambar Ruiz Cordoba
636,2024-07-13,Belgrano,Botella Térmica,Deportes,4,10265.73,41062.92,Sr(a). Lautaro Farias
2132,2024-07-13,Palermo,Set de Vasos,Hogar,2,7835.55,15671.1,Oriana Carrizo
1523,2024-07-14,Palermo,Remera Básica,Indumentaria,2,9389.87,18779.74,Felipe Diaz
964,2024-07-14,Palermo,Parlante Portátil,Electrónica,1,25490.08,25490.08,Pedro Castro Fernandez
296,2024-07-14,Palermo,Set de Vasos,Hogar,4,8138.94,32555.76,Dr(a). Juan Ignacio Garcia
212,2024-07-14,Palermo,Juego de Sábanas,Hogar,1,15548.7,15548.7,Alma Caceres
270,2024-07-16,Nuñez,Pelota de Fútbol,Deportes,4,12392.39,49569.56,Sr(a). Bautista Coronel
1513,2024-07-16,Nuñez,Remera Básica,Indumentaria,4,9076.02,36304.08,Valentino Ignacio Rojas
438,2024-07-16,Palermo,Parlante Portátil,Electrónica,4,23945.92,95783.68,Rosario Gimenez Martin
1323,2024-07-16,Belgrano,Pelota de Fútbol,Deportes,2,12224.47,24448.94,Dr(a). Santiago Gomez
1045,2024-07-16,Nuñez,Remera Básica,Indumentaria,1,9085.66,9085.66,Agustin Mora Gonzalez
704,2024-07-17,Belgrano,Pelota de Fútbol,Deportes,1,11957.86,11957.86,Isabella Catalina Benitez
514,2024-07-17,Nuñez,Juego de Sábanas,Hogar,2,15725.18,31450.36,Thiago Paez
2480,2024-07-19,Palermo,Set de Vasos,Hogar,2,8352.77,16705.54,Emma Gonzalez
2585,2024-07-19,Palermo,Parlante Portátil,Electrónica,3,24486.07,73458.21,Rafael Aguirre Carrizo
1419,2024-07-19,Palermo,Auriculares Bluetooth,Electrónica,4,18327.49,73309.96,Josefina Benjamin Gonzalez
1611,2024-07-20,Nuñez,Cargador USB-C,Electrónica,4,6545.12,26180.48,Francisco Flores Aguirre
1375,2024-07-20,Nuñez,Parlante Portátil,Electrónica,1,24477.01,24477.01,Dr(a). Lucía Vera
543,2024-07-20,Nuñez,Parlante Portátil,Electrónica,1,25568.56,25568.56,Sr(a). Jazmin Aguero
1504,2024-07-21,Palermo,Cargador USB-C,Electrónica,1,6200.39,6200.39,Malena Fernandez
2069,2024-07-21,Palermo,Parlante Portátil,Electrónica,4,23903.19,95612.76,Emilia Tomàs Godoy Perez
1618,2024-07-21,Belgrano,Cargador USB-C,Electrónica,5,6314.75,31573.75,Emanuel Alvarez Peralta
1814,2024-07-21,Belgrano,Set de Vasos,Hogar,4,7726.65,30906.6,Alvaro Isabella Morales
345,2024-07-21,Nuñez,Parlante Portátil,Electrónica,4,24722.09,98888.36,Sr(a). Mia Valentina Flores
84,2024-07-22,Belgrano,Campera de Abrigo,Indumentaria,2,30726.08,61452.16,Sr(a). Gabriel Martinez
921,2024-07-22,Belgrano,Remera Básica,Indumentaria,3,8713.7,26141.1,Bautista Simon Silva
1653,2024-07-22,Palermo,Campera de Abrigo,Indumentaria,4,32288.7,129154.8,Lucía Gutierrez Lopez
1774,2024-07-23,Palermo,Campera de Abrigo,Indumentaria,5,33247.76,166238.8,Catalina Milo Fernandez
2905,2024-07-23,Palermo,Remera Básica,Indumentaria,1,8950.22,8950.22,Dr(a). Santiago Correa
1754,2024-07-24,Palermo,Set de Vasos,Hogar,1,7975.17,7975.17,Juana Benitez Barrios
2797,2024-07-25,Nuñez,Auriculares Bluetooth,Electrónica,4,18091.37,72365.48,Jeronimo Muñoz
881,2024-07-25,Nuñez,Campera de Abrigo,Indumentaria,4,31968.8,127875.2,Francisco Ojeda Fernandez
1122,2024-07-25,Nuñez,Pelota de Fútbol,Deportes,4,11496.02,45984.08,Paloma Sofía Ruiz Paez
1683,2024-07-26,Nuñez,Parlante Portátil,Electrónica,4,24491.24,97964.96,Francesca Bustos
1630,2024-07-26,Belgrano,Campera de Abrigo,Indumentaria,3,31343.35,94030.05,Sr(a). Francesca Aguirre
2806,2024-07-26,Palermo,Parlante Portátil,Electrónica,5,25334.36,126671.8,Victoria Tobias Aguero
801,2024-07-26,Nuñez,Juego de Sábanas,Hogar,1,15288.32,15288.32,Dr(a). Sofia Gonzalez
784,2024-07-26,Palermo,Juego de Sábanas,Hogar,4,14736.35,58945.4,Lautaro Juan Cruz Godoy
775,2024-07-26,Nuñez,Set de Vasos,Hogar,1,8374.01,8374.01,Valentino Mateo Duarte Arias
2526,2024-07-26,Nuñez,Juego de Sábanas,Hogar,1,15194.95,15194.95,Elena Luciano Lopez Castillo
1612,2024-07-26,Nuñez,Auriculares Bluetooth,Electrónica,1,17817.28,17817.28,Dr(a). Matilda Figueroa
1471,2024-07-27,Belgrano,Auriculares Bluetooth,Electrónica,5,17867.7,89338.5,Maria Luz Tomas Gonzalez
1746,2024-07-27,Palermo,Parlante Portátil,Electrónica,5,25351.05,126755.25,Mateo Fausto Garcia
1185,2024-07-27,Nuñez,Parlante Portátil,Electrónica,3,26238.4,78715.2,Dr(a). Isabella Diaz
2618,2024-07-27,Palermo,Campera de Abrigo,Indumentaria,4,31704.03,126816.12,Francisca Ortiz
2049,2024-07-27,Palermo,Auriculares Bluetooth,Electrónica,3,17353.26,52059.78,Ignacio Juan Manuel Cruz
115,2024-07-27,Nuñez,Pelota de Fútbol,Deportes,2,12513.21,25026.42,Dr(a). Isabella Martinez
2118,2024-07-27,Belgrano,Parlante Portátil,Electrónica,4,25961.35,103845.4,Agustina Dominguez
1312,2024-07-27,Nuñez,Campera de Abrigo,Indumentaria,1,31799.75,31799.75,Lautaro Luciana Diaz Godoy
2643,2024-07-27,Palermo,Campera de Abrigo,Indumentaria,3,31639.69,94919.07,Mateo Joaquin Valentino Ruiz
1960,2024-07-28,Belgrano,Set de Vasos,Hogar,4,8367.69,33470.76,Maria Belen Martinez
1860,2024-07-28,Palermo,Set de Vasos,Hogar,1,8304.23,8304.23,Juan Bautista Gonzalez
171,2024-07-28,Palermo,Auriculares Bluetooth,Electrónica,2,18481.23,36962.46,Valentin Simon Lopez Rodriguez
2080,2024-07-29,Palermo,Parlante Portátil,Electrónica,2,25496.94,50993.88,Lola Ramirez
1852,2024-07-29,Nuñez,Cargador USB-C,Electrónica,5,6653.21,33266.05,Paulina Juan Bautista Medina
1086,2024-07-30,Belgrano,Campera de Abrigo,Indumentaria,2,31391.22,62782.44,Agustina Benjamin Miranda Martinez
2866,2024-07-30,Palermo,Juego de Sábanas,Hogar,2,14617.02,29234.04,Sr(a). Gonzalo Benitez
590,2024-07-30,Palermo,Juego de Sábanas,Hogar,2,15504.5,31009.0,Valentino Lopez Acosta
2841,2024-07-30,Belgrano,Parlante Portátil,Electrónica,2,24188.6,48377.2,Bautista Paz Gimenez
1066,2024-07-31,Nuñez,Campera de Abrigo,Indumentaria,2,31846.66,63693.32,Dr(a). Catalina Perez
2205,2024-08-01,Palermo,Remera Básica,Indumentaria,3,8982.48,26947.44,Agustin Fernandez
332,2024-08-02,Palermo,Botella Térmica,Deportes,3,10331.28,30993.84,Juan Cruz Agustin Fernandez
965,2024-08-02,Palermo,Juego de Sábanas,Hogar,2,15224.61,30449.22,Dr(a). Benjamin Medina
795,2024-08-02,Belgrano,Remera Básica,Indumentaria,3,9105.14,27315.42,Dr(a). Federico Benitez
1655,2024-08-02,Palermo,Cargador USB-C,Electrónica,4,6656.42,26625.68,Thiago Benjamin Godoy
2590,2024-08-02,Belgrano,Parlante Portátil,Electrónica,5,25602.7,128013.5,Dr(a). Martina Barrios
976,2024-08-02,Palermo,Pelota de Fútbol,Deportes,1,11830.54,11830.54,Benjamin Agustina Vazquez Gutierrez
1880,2024-08-02,Palermo,Set de Vasos,Hogar,1,8361.24,8361.24,Thiago Daniel Castro
701,2024-08-02,Belgrano,Set de Vasos,Hogar,5,7646.55,38232.75,Josefina Gutierrez Diaz
2798,2024-08-02,Palermo,Auriculares Bluetooth,Electrónica,4,18563.92,74255.68,Maximo Mora Torres Ferreyra
609,2024-08-03,Nuñez,Juego de Sábanas,Hogar,1,14393.33,14393.33,Simon Juana Ledesma
49,2024-08-03,Belgrano,Auriculares Bluetooth,Electrónica,1,17736.62,17736.62,Felicitas Velazquez Gomez
1599,2024-08-03,Belgrano,Juego de Sábanas,Hogar,3,15213.05,45639.15,Miguel Angel Lautaro Gabriel Flores
1232,2024-08-03,Palermo,Set de Vasos,Hogar,1,8118.92,8118.92,Joaquina Tobias Gonzalez
1467,2024-08-03,Belgrano,Campera de Abrigo,Indumentaria,3,32240.44,96721.32,Benjamin Pilar Gonzalez
1059,2024-08-03,Palermo,Set de Vasos,Hogar,2,7895.71,15791.42,Dr(a). Joaquin Castro
1428,2024-08-03,Palermo,Botella Térmica,Deportes,2,9535.87,19071.74,Mateo Bautista Ramos Alvarez
2991,2024-08-03,Palermo,Remera Básica,Indumentaria,2,8818.44,17636.88,Lara Sosa Medina
1145,2024-08-04,Palermo,Auriculares Bluetooth,Electrónica,1,17776.2,17776.2,Dr(a). Emilia Villalba
1306,2024-08-04,Nuñez,Auriculares Bluetooth,Electrónica,4,18092.86,72371.44,Dr(a). Gabriel Cabrera
556,2024-08-04,Palermo,Juego de Sábanas,Hogar,2,14793.33,29586.66,Mateo Joaquín Suarez Avila
2360,2024-08-05,Palermo,Botella Térmica,Deportes,1,9544.78,9544.78,Isabella Sanchez
1477,2024-08-07,Nuñez,Cargador USB-C,Electrónica,1,6493.95,6493.95,Guillermina Fernandez
2063,2024-08-07,Palermo,Parlante Portátil,Electrónica,1,23841.54,23841.54,Maximo Lopez
2706,2024-08-07,Belgrano,Parlante Portátil,Electrónica,2,24966.52,49933.04,Bautista Benjamin Luz Milagros Herrera Gomez
72,2024-08-07,Nuñez,Parlante Portátil,Electrónica,4,24577.2,98308.8,Sr(a). Valentina  Castro
1640,2024-08-07,Belgrano,Remera Básica,Indumentaria,4,8754.91,35019.64,Dr(a). Juan Cruz Gomez
1000,2024-08-08,Palermo,Parlante Portátil,Electrónica,4,23755.21,95020.84,Valentina Diaz Silva
2522,2024-08-08,Belgrano,Botella Térmica,Deportes,4,9990.55,39962.2,Delfina Paz Ledesma
2218,2024-08-08,Palermo,Pelota de Fútbol,Deportes,2,12510.95,25021.9,Sr(a). Lola Rios
2443,2024-08-09,Nuñez,Pelota de Fútbol,Deportes,4,12130.39,48521.56,Emma Alfonsina Garcia
1712,2024-08-09,Palermo,Juego de Sábanas,Hogar,3,14615.52,43846.56,Dr(a). Catalina Herrera
1515,2024-08-09,Nuñez,Cargador USB-C,Electrónica,3,6541.38,19624.14,Zoe Alejo Sanchez
2137,2024-08-09,Belgrano,Campera de Abrigo,Indumentaria,4,32987.97,131951.88,Juana Gomez Romero
504,2024-08-10,Nuñez,Botella Térmica,Deportes,5,10214.38,51071.9,Sr(a). Franco Fernandez
1813,2024-08-10,Palermo,Parlante Portátil,Electrónica,4,24930.72,99722.88,Lorenzo Francesca Gonzalez
307,2024-08-11,Palermo,Parlante Portátil,Electrónica,3,23901.13,71703.39,Delfina Agustina Romero Gomez
2594,2024-08-11,Belgrano,Remera Básica,Indumentaria,5,8835.97,44179.85,Lautaro Lucio Romero
1067,2024-08-11,Belgrano,Juego de Sábanas,Hogar,4,15107.06,60428.24,Bautista Martina Alvarez Velazquez
2752,2024-08-11,Nuñez,Pelota de Fútbol,Deportes,1,11421.81,11421.81,Giuliana Guzman
909,2024-08-11,Belgrano,Cargador USB-C,Electrónica,2,6314.17,12628.34,Tomas Morena Jazmin Lucero Ojeda
82,2024-08-11,Nuñez,Cargador USB-C,Electrónica,3,6673.48,20020.44,Tiziano Valentin Diaz Martinez
1356,2024-08-12,Nuñez,Auriculares Bluetooth,Electrónica,1,18135.41,18135.41,Juan Cruz Ferreyra Arias
67,2024-08-12,Belgrano,Cargador USB-C,Electrónica,5,6476.96,32384.8,Emma Camila Carrizo Garcia
1933,2024-08-13,Nuñez,Pelota de Fútbol,Deportes,1,11686.52,11686.52,Mia Mansilla Barrios
617,2024-08-13,Belgrano,Campera de Abrigo,Indumentaria,4,32401.03,129604.12,Nahiara Romero
353,2024-08-13,Nuñez,Cargador USB-C,Electrónica,3,6321.15,18963.45,Faustino Tomas Cardozo
2327,2024-08-14,Belgrano,Set de Vasos,Hogar,5,8244.21,41221.05,Juan Cruz Pedro Ledesma Ramirez
1028,2024-08-14,Nuñez,Set de Vasos,Hogar,4,8373.84,33495.36,Juan Bautista Fernandez Lopez
1575,2024-08-14,Palermo,Remera Básica,Indumentaria,3,8748.95,26246.85,Victoria Genaro Torres Rojas
52,2024-08-15,Belgrano,Auriculares Bluetooth,Electrónica,4,17729.39,70917.56,Joaquin Medina
2304,2024-08-15,Nuñez,Botella Térmica,Deportes,4,10032.7,40130.8,Paulina Moreno Gonzalez
2550,2024-08-16,Palermo,Campera de Abrigo,Indumentaria,1,30852.59,30852.59,Benjamin Martina Garcia Luna
420,2024-08-16,Nuñez,Campera de Abrigo,Indumentaria,2,31610.83,63221.66,Dr(a). Juan Ignacio Sanchez
2004,2024-08-16,Belgrano,Cargador USB-C,Electrónica,3,6754.48,20263.44,Joaquin Mendez Ramirez
1159,2024-08-16,Palermo,Campera de Abrigo,Indumentaria,3,30680.58,92041.74,Agustin Thiago Ezequiel Sanchez
1248,2024-08-17,Belgrano,Cargador USB-C,Electrónica,3,6407.25,19221.75,Juan David Duarte Martinez
1449,2024-08-17,Palermo,Cargador USB-C,Electrónica,5,6584.71,32923.55,Guillermina Lucía  Correa Martin
1035,2024-08-17,Nuñez,Remera Básica,Indumentaria,4,9029.17,36116.68,Sr(a). Isabella Perez
922,2024-08-17,Nuñez,Campera de Abrigo,Indumentaria,1,33353.96,33353.96,Jazmín Acosta Gomez
2140,2024-08-17,Belgrano,Parlante Portátil,Electrónica,5,24835.62,124178.1,Isabella Mateo Benjamin Farias Chavez
2188,2024-08-17,Belgrano,Botella Térmica,Deportes,3,10128.13,30384.39,Dr(a). Bautista Perez
819,2024-08-18,Nuñez,Juego de Sábanas,Hogar,3,15005.35,45016.05,Sr(a). Carmela Ortiz
1172,2024-08-18,Nuñez,Pelota de Fútbol,Deportes,5,12584.82,62924.1,Dr(a). Juan Pablo Aguirre
2915,2024-08-18,Palermo,Auriculares Bluetooth,Electrónica,2,17852.44,35704.88,Dr(a). Martina Romero
1610,2024-08-18,Belgrano,Cargador USB-C,Electrónica,2,6272.56,12545.12,Candelaria Alma Luna Olivera
1710,2024-08-18,Belgrano,Cargador USB-C,Electrónica,1,6334.84,6334.84,Ciro Renata Fernandez
2499,2024-08-18,Belgrano,Juego de Sábanas,Hogar,4,14890.23,59560.92,Juan Cruz Sebastian Martinez Perez
671,2024-08-18,Palermo,Campera de Abrigo,Indumentaria,4,32502.18,130008.72,Luciano Benjamin Paulina Gonzalez Morales
2865,2024-08-18,Nuñez,Auriculares Bluetooth,Electrónica,2,17727.29,35454.58,Santiago Sosa Lopez
1340,2024-08-19,Palermo,Auriculares Bluetooth,Electrónica,2,18403.39,36806.78,Victoria Juan David Cordoba Silva
1189,2024-08-19,Belgrano,Remera Básica,Indumentaria,1,8889.44,8889.44,Gael Perez Gonzalez
772,2024-08-19,Nuñez,Cargador USB-C,Electrónica,4,6253.78,25015.12,Isabella Felipe Vega Fernandez
985,2024-08-21,Palermo,Juego de Sábanas,Hogar,4,14870.11,59480.44,Agustín Benitez
1815,2024-08-21,Belgrano,Botella Térmica,Deportes,5,10223.73,51118.65,Dr(a). Ciro Cruz
1076,2024-08-21,Belgrano,Parlante Portátil,Electrónica,2,24936.1,49872.2,Dr(a). Lautaro Maldonado
1073,2024-08-21,Belgrano,Cargador USB-C,Electrónica,1,6409.15,6409.15,Benicio Ruiz
1488,2024-08-22,Nuñez,Remera Básica,Indumentaria,2,9369.59,18739.18,Facundo Santiago Sosa
2880,2024-08-22,Palermo,Campera de Abrigo,Indumentaria,5,32297.89,161489.45,Felipe Lautaro Benjamin Ramos
1755,2024-08-22,Palermo,Cargador USB-C,Electrónica,4,6294.91,25179.64,Julieta Velazquez
557,2024-08-23,Nuñez,Cargador USB-C,Electrónica,3,6643.17,19929.51,Sr(a). Bruno Mansilla
133,2024-08-23,Nuñez,Auriculares Bluetooth,Electrónica,3,17494.21,52482.63,Lautaro Gabriel Mateo Benjamin Barrios
2262,2024-08-23,Nuñez,Campera de Abrigo,Indumentaria,4,31283.74,125134.96,Valentina Morena Romero
1069,2024-08-23,Belgrano,Botella Térmica,Deportes,4,10012.26,40049.04,Santino Benjamin Simon Diaz
1847,2024-08-23,Palermo,Auriculares Bluetooth,Electrónica,1,17728.89,17728.89,Isabella Escobar
563,2024-08-23,Nuñez,Parlante Portátil,Electrónica,2,24021.43,48042.86,Benjamin Pereyra
1490,2024-08-23,Palermo,Auriculares Bluetooth,Electrónica,2,17160.8,34321.6,Santino Valentin Ramirez
2745,2024-08-24,Nuñez,Botella Térmica,Deportes,5,10476.42,52382.1,Enzo Maite Hernandez
2968,2024-08-24,Belgrano,Pelota de Fútbol,Deportes,4,11883.88,47535.52,Juana Ruiz Paz
2061,2024-08-24,Palermo,Cargador USB-C,Electrónica,1,6308.22,6308.22,Juan Pablo Mia Morena Dominguez
2653,2024-08-25,Palermo,Remera Básica,Indumentaria,3,8555.5,25666.5,Benjamin Alejandro Gonzalez
1934,2024-08-25,Belgrano,Set de Vasos,Hogar,1,7926.83,7926.83,Luca Valentina Flores
1106,2024-08-25,Palermo,Campera de Abrigo,Indumentaria,3,31434.78,94304.34,Ema Ramiro Correa
1626,2024-08-25,Palermo,Juego de Sábanas,Hogar,5,14708.08,73540.4,Antonio Mateo Flores Sanchez
2557,2024-08-25,Belgrano,Auriculares Bluetooth,Electrónica,5,17848.23,89241.15,Luciano Benjamin Ayala Luna
1441,2024-08-26,Palermo,Parlante Portátil,Electrónica,1,24210.64,24210.64,Ignacio Julieta Rodriguez Franco
2528,2024-08-26,Palermo,Remera Básica,Indumentaria,1,8692.69,8692.69,Vicente Flores Gonzalez
2835,2024-08-27,Nuñez,Botella Térmica,Deportes,3,10280.17,30840.51,Lucia Joaquin Roldan
2564,2024-08-27,Nuñez,Parlante Portátil,Electrónica,1,24086.11,24086.11,Ciro Ramirez
551,2024-08-27,Belgrano,Set de Vasos,Hogar,2,8014.31,16028.62,Thiago Nicolas Benjamin Castro
2497,2024-08-28,Nuñez,Parlante Portátil,Electrónica,2,25349.84,50699.68,Luca Carrizo
731,2024-08-29,Nuñez,Campera de Abrigo,Indumentaria,1,32765.97,32765.97,Malena Lautaro Ezequiel Nuñez Gimenez
2190,2024-08-29,Nuñez,Remera Básica,Indumentaria,1,8627.41,8627.41,Catalina Perez
914,2024-08-29,Belgrano,Set de Vasos,Hogar,2,8332.71,16665.42,Maximo Luciano Rios Benitez
178,2024-08-29,Belgrano,Juego de Sábanas,Hogar,3,14545.91,43637.73,Julieta Rios
396,2024-08-30,Belgrano,Auriculares Bluetooth,Electrónica,3,18766.88,56300.64,Benjamin Alejandro Felipe Cabrera
595,2024-08-30,Belgrano,Remera Básica,Indumentaria,5,8858.79,44293.95,Franco Mateo Alvarez
2779,2024-08-30,Belgrano,Cargador USB-C,Electrónica,4,6642.47,26569.88,Oriana Coronel
31,2024-08-30,Palermo,Botella Térmica,Deportes,4,9981.36,39925.44,Sr(a). Bianca Gomez
2641,2024-08-30,Belgrano,Pelota de Fútbol,Deportes,4,12345.96,49383.84,Nina Bautista Fernandez
1444,2024-08-30,Palermo,Remera Básica,Indumentaria,5,8884.22,44421.1,Joaquin Martina Alvarez
2204,2024-08-30,Palermo,Juego de Sábanas,Hogar,1,15448.97,15448.97,Luciana Agostina Caceres Molina
1402,2024-08-30,Belgrano,Cargador USB-C,Electrónica,2,6648.31,13296.62,Juan Martin Bustos Ponce
754,2024-08-31,Palermo,Botella Térmica,Deportes,2,9710.86,19421.72,Sr(a). Lara Aguirre
1766,2024-08-31,Belgrano,Campera de Abrigo,Indumentaria,5,31200.14,156000.7,Lorenzo Gonzalez Ruiz
2884,2024-08-31,Belgrano,Cargador USB-C,Electrónica,1,6511.33,6511.33,Francesca Sanchez Maidana
430,2024-08-31,Belgrano,Set de Vasos,Hogar,4,8057.42,32229.68,Candela Juan Cruz Olivera Romero
831,2024-08-31,Palermo,Parlante Portátil,Electrónica,3,25186.31,75558.93,Dr(a). Tobias Gutierrez
204,2024-08-31,Belgrano,Auriculares Bluetooth,Electrónica,1,17529.19,17529.19,Juan Ignacio Valdez
694,2024-08-31,Palermo,Botella Térmica,Deportes,4,9953.74,39814.96,Sr(a). Bruno Bravo
810,2024-09-01,Palermo,Campera de Abrigo,Indumentaria,1,30450.98,30450.98,Bautista Alvaro Vera Gimenez
381,2024-09-01,Belgrano,Cargador USB-C,Electrónica,1,6776.01,6776.01,Nina Isabella Ramos
70,2024-09-01,Belgrano,Botella Térmica,Deportes,1,10213.54,10213.54,Valentino Lautaro Rodriguez Martinez
1102,2024-09-01,Belgrano,Juego de Sábanas,Hogar,1,14882.52,14882.52,Guadalupe Morena Jazmin Lopez Perez
1269,2024-09-02,Palermo,Remera Básica,Indumentaria,5,8645.82,43229.1,Pedro Octavio Cabrera
2470,2024-09-03,Belgrano,Juego de Sábanas,Hogar,3,15522.51,46567.53,Dr(a). Camila Gomez
2066,2024-09-03,Belgrano,Cargador USB-C,Electrónica,3,6526.7,19580.1,Joaquin Molina Arias
1350,2024-09-03,Belgrano,Set de Vasos,Hogar,4,7749.62,30998.48,Candela Ana Paula Bustos
1309,2024-09-04,Nuñez,Campera de Abrigo,Indumentaria,4,30504.56,122018.24,Paloma Ema Gonzalez
2095,2024-09-05,Nuñez,Parlante Portátil,Electrónica,1,24103.75,24103.75,Valentina Sanchez
2432,2024-09-05,Nuñez,Botella Térmica,Deportes,1,9588.39,9588.39,Rafael Samuel Martinez
658,2024-09-05,Palermo,Botella Térmica,Deportes,4,9823.41,39293.64,Dr(a). Matias Lopez
1981,2024-09-06,Belgrano,Juego de Sábanas,Hogar,2,14754.17,29508.34,Lucia Mateo Joaquin Franco
119,2024-09-06,Belgrano,Pelota de Fútbol,Deportes,2,11860.3,23720.6,Maria Emilia Agustin Perez
1939,2024-09-06,Palermo,Set de Vasos,Hogar,1,7961.8,7961.8,Isabella Bianca Miranda
1544,2024-09-06,Palermo,Cargador USB-C,Electrónica,3,6565.61,19696.83,Santino Nicolas Fernandez
1571,2024-09-06,Nuñez,Set de Vasos,Hogar,1,7899.39,7899.39,Mateo Victoria Flores Bustos
41,2024-09-07,Palermo,Remera Básica,Indumentaria,2,8944.37,17888.74,Simon Agustina Gomez Martinez
10,2024-09-07,Nuñez,Parlante Portátil,Electrónica,4,24424.87,97699.48,Bautista Garcia
1592,2024-09-07,Belgrano,Pelota de Fútbol,Deportes,4,12587.66,50350.64,Catalina Farias Acuña
1550,2024-09-07,Palermo,Campera de Abrigo,Indumentaria,5,33106.14,165530.7,Sr(a). Luz Maria Sosa
2508,2024-09-07,Nuñez,Juego de Sábanas,Hogar,1,15047.36,15047.36,Santiago Garcia
2901,2024-09-08,Nuñez,Auriculares Bluetooth,Electrónica,2,18069.74,36139.48,Dr(a). Juan Bautista Vargas
1975,2024-09-08,Nuñez,Set de Vasos,Hogar,1,7947.1,7947.1,Josefina Alvarez
1761,2024-09-08,Palermo,Pelota de Fútbol,Deportes,3,12068.22,36204.66,Maia Valentina Jazmin Gonzalez
1017,2024-09-08,Belgrano,Parlante Portátil,Electrónica,4,26153.38,104613.52,Sr(a). Matilda Fernandez
2697,2024-09-08,Nuñez,Campera de Abrigo,Indumentaria,2,32955.13,65910.26,Maria Paz Lucero
2869,2024-09-08,Nuñez,Set de Vasos,Hogar,2,7835.63,15671.26,Juan Martin Jazmin Ruiz Gonzalez
1023,2024-09-08,Nuñez,Remera Básica,Indumentaria,3,8857.47,26572.41,Santino León Godoy Perez
392,2024-09-08,Palermo,Pelota de Fútbol,Deportes,4,11428.69,45714.76,Dr(a). Mateo Acosta
1131,2024-09-09,Belgrano,Campera de Abrigo,Indumentaria,1,33348.7,33348.7,Antonella Guzman Romero
2975,2024-09-09,Nuñez,Auriculares Bluetooth,Electrónica,2,18185.62,36371.24,Gonzalo Navarro
2540,2024-09-10,Nuñez,Botella Térmica,Deportes,3,10253.72,30761.16,Benicio Villalba
1187,2024-09-10,Belgrano,Campera de Abrigo,Indumentaria,1,32100.7,32100.7,Valentin Godoy Sosa
373,2024-09-10,Belgrano,Parlante Portátil,Electrónica,1,24370.42,24370.42,Pedro Mora Martinez Ramirez
51,2024-09-11,Nuñez,Campera de Abrigo,Indumentaria,1,31624.13,31624.13,Valentina Lopez Acosta
29,2024-09-11,Palermo,Remera Básica,Indumentaria,5,8953.75,44768.75,Camilo Alma Garcia Fernandez
502,2024-09-11,Nuñez,Remera Básica,Indumentaria,3,9423.44,28270.32,Bruno Pereyra Sosa
2242,2024-09-11,Belgrano,Auriculares Bluetooth,Electrónica,5,18444.19,92220.95,Juan Ignacio Pilar Aguirre Castillo
100,2024-09-11,Palermo,Set de Vasos,Hogar,4,8085.05,32340.2,Julian Antonella Gomez Mendoza
1089,2024-09-12,Belgrano,Parlante Portátil,Electrónica,5,25583.11,127915.55,Dr(a). Joaquin Cardozo
1037,2024-09-12,Nuñez,Auriculares Bluetooth,Electrónica,3,17659.45,52978.35,Enzo Ojeda Paz
1892,2024-09-12,Palermo,Parlante Portátil,Electrónica,2,25681.16,51362.32,Felicitas Ramirez Escobar
1038,2024-09-13,Palermo,Cargador USB-C,Electrónica,4,6329.93,25319.72,Delfina Juarez Herrera
134,2024-09-13,Nuñez,Juego de Sábanas,Hogar,2,15192.37,30384.74,Sr(a). Catalina Flores
2324,2024-09-13,Belgrano,Parlante Portátil,Electrónica,3,26051.27,78153.81,Zoe Valentina Gomez
2172,2024-09-13,Nuñez,Auriculares Bluetooth,Electrónica,3,18267.07,54801.21,Juana Gomez
2763,2024-09-13,Palermo,Campera de Abrigo,Indumentaria,3,33162.34,99487.02,Mateo Benjamin Lucas Ezequiel Mansilla Ruiz
1522,2024-09-13,Nuñez,Pelota de Fútbol,Deportes,5,12479.71,62398.55,Santino Perez Quiroga
1509,2024-09-14,Nuñez,Juego de Sábanas,Hogar,2,15654.3,31308.6,Maia Catalina Lucero
899,2024-09-14,Belgrano,Campera de Abrigo,Indumentaria,4,32548.99,130195.96,Benicio Amparo Flores Gomez
1411,2024-09-14,Nuñez,Auriculares Bluetooth,Electrónica,3,17222.32,51666.96,Agustin Fernandez
2260,2024-09-14,Belgrano,Juego de Sábanas,Hogar,1,14415.84,14415.84,Joaquin Gonzalez Dominguez
761,2024-09-14,Belgrano,Pelota de Fútbol,Deportes,1,12143.28,12143.28,Isabella Dylan Ezequiel Pereyra Vazquez
2334,2024-09-14,Belgrano,Parlante Portátil,Electrónica,5,25348.54,126742.7,Isabella Sosa Farias
2098,2024-09-14,Belgrano,Parlante Portátil,Electrónica,1,25805.09,25805.09,Thiago Benjamin Sofia Cardozo
554,2024-09-14,Nuñez,Cargador USB-C,Electrónica,2,6510.64,13021.28,Valentina Gael Martin Moreno
1033,2024-09-15,Nuñez,Botella Térmica,Deportes,4,9501.95,38007.8,Benjamin Gonzalez
1135,2024-09-15,Belgrano,Parlante Portátil,Electrónica,5,26169.21,130846.05,Dr(a). Bruno Godoy
1726,2024-09-15,Palermo,Parlante Portátil,Electrónica,2,24401.26,48802.52,Lautaro Benjamin Thiago Gabriel Godoy
1788,2024-09-15,Belgrano,Parlante Portátil,Electrónica,3,26205.09,78615.27,Rafael Miranda
2275,2024-09-15,Palermo,Pelota de Fútbol,Deportes,3,12102.68,36308.04,Emilia Maximiliano Rodriguez
1291,2024-09-15,Belgrano,Campera de Abrigo,Indumentaria,1,30853.56,30853.56,Sofía Aguirre Diaz
1887,2024-09-15,Belgrano,Cargador USB-C,Electrónica,1,6334.5,6334.5,Sofia Gimenez
2447,2024-09-15,Palermo,Parlante Portátil,Electrónica,3,24968.19,74904.57,Santino Blanco Gomez
453,2024-09-15,Palermo,Auriculares Bluetooth,Electrónica,3,18382.93,55148.79,Guadalupe Peralta Chavez
693,2024-09-16,Palermo,Parlante Portátil,Electrónica,4,25888.53,103554.12,Santino Gimenez
570,2024-09-16,Palermo,Cargador USB-C,Electrónica,5,6450.32,32251.6,Julieta Milena Rodriguez
864,2024-09-16,Palermo,Pelota de Fútbol,Deportes,3,12201.1,36603.3,Joaquina Alvarez Garcia
664,2024-09-18,Nuñez,Parlante Portátil,Electrónica,3,24251.74,72755.22,Lucía Thiago Rodriguez Arias
930,2024-09-19,Nuñez,Remera Básica,Indumentaria,5,8602.88,43014.4,Benjamin Benicio Godoy
2970,2024-09-19,Nuñez,Set de Vasos,Hogar,5,7909.56,39547.8,Pedro Gomez
1125,2024-09-20,Belgrano,Cargador USB-C,Electrónica,3,6469.84,19409.52,Sofia Ruiz Gomez
1156,2024-09-20,Palermo,Set de Vasos,Hogar,1,8132.38,8132.38,Juan Ignacio Vazquez Martinez
1364,2024-09-20,Belgrano,Cargador USB-C,Electrónica,3,6411.79,19235.37,Matias Castillo Luna
2777,2024-09-21,Palermo,Remera Básica,Indumentaria,1,9423.58,9423.58,Nahiara Lucas Suarez
2757,2024-09-21,Belgrano,Remera Básica,Indumentaria,1,8595.6,8595.6,Sebastian Romero
1541,2024-09-21,Palermo,Set de Vasos,Hogar,3,7625.16,22875.48,Dr(a). Lara Garcia
1973,2024-09-21,Nuñez,Remera Básica,Indumentaria,5,9350.25,46751.25,Francisco Martina Gutierrez Romero
2542,2024-09-21,Nuñez,Juego de Sábanas,Hogar,4,14677.63,58710.52,Enzo Agostina Mendoza Acosta
2290,2024-09-22,Palermo,Auriculares Bluetooth,Electrónica,4,17953.75,71815.0,Antonia Diaz Soto
2760,2024-09-22,Nuñez,Remera Básica,Indumentaria,2,9233.31,18466.62,Dr(a). Valentino Rojas
2824,2024-09-22,Nuñez,Pelota de Fútbol,Deportes,1,12314.91,12314.91,Mateo Ezequiel Mendez Vazquez
2572,2024-09-22,Palermo,Remera Básica,Indumentaria,5,8966.31,44831.55,Tiziano Helena Guzman Gomez
2665,2024-09-23,Palermo,Pelota de Fútbol,Deportes,5,11643.81,58219.05,Valentino Benjamin Figueroa
1434,2024-09-23,Belgrano,Botella Térmica,Deportes,4,9967.33,39869.32,Bautista Ojeda Ramos
924,2024-09-23,Nuñez,Campera de Abrigo,Indumentaria,3,30944.39,92833.17,Renata Castro
1831,2024-09-24,Belgrano,Auriculares Bluetooth,Electrónica,3,17145.51,51436.53,Sr(a). Thiago Agustin Gutierrez
38,2024-09-24,Belgrano,Botella Térmica,Deportes,3,9738.69,29216.07,Abigail Lopez
2087,2024-09-24,Nuñez,Botella Térmica,Deportes,5,10312.77,51563.85,Gabriel Ponce
1843,2024-09-24,Palermo,Pelota de Fútbol,Deportes,1,12173.71,12173.71,Dr(a). Mateo Valentin Gomez
583,2024-09-24,Belgrano,Juego de Sábanas,Hogar,5,14409.7,72048.5,Dr(a). León Romero
656,2024-09-25,Belgrano,Botella Térmica,Deportes,5,9934.49,49672.45,Dr(a). Mateo Fernandez
2312,2024-09-25,Belgrano,Remera Básica,Indumentaria,1,8936.03,8936.03,Santino Angelina Ramirez Gonzalez
757,2024-09-25,Belgrano,Campera de Abrigo,Indumentaria,4,30437.96,121751.84,Agustín Benjamin Ezequiel Arias
435,2024-09-26,Belgrano,Campera de Abrigo,Indumentaria,3,32205.59,96616.77,Zoe Valentina Lucas Benjamin Muñoz
1708,2024-09-26,Palermo,Juego de Sábanas,Hogar,3,15049.24,45147.72,Emilia Morena Fernandez Mendez
1677,2024-09-26,Nuñez,Pelota de Fútbol,Deportes,3,11911.82,35735.46,Josefina Flores Castillo
935,2024-09-27,Nuñez,Set de Vasos,Hogar,4,8314.14,33256.56,Lucio Santino Ramirez
1342,2024-09-27,Palermo,Set de Vasos,Hogar,5,8233.3,41166.5,Isabella Gonzalez
2283,2024-09-27,Palermo,Pelota de Fútbol,Deportes,4,12417.75,49671.0,Francisco Julia Garcia
43,2024-09-27,Palermo,Cargador USB-C,Electrónica,1,6657.57,6657.57,Francisco Barrios Mendez
2543,2024-09-27,Belgrano,Set de Vasos,Hogar,5,7737.07,38685.35,Sr(a). Thiago Benjamin Peralta
2034,2024-09-27,Palermo,Pelota de Fútbol,Deportes,5,12474.03,62370.15,Matias Rodriguez Alvarez
442,2024-09-27,Palermo,Cargador USB-C,Electrónica,4,6546.82,26187.28,Guadalupe Ruiz
102,2024-09-27,Belgrano,Campera de Abrigo,Indumentaria,2,31167.57,62335.14,Lautaro Benjamin Santiago Dominguez Alvarez
423,2024-09-28,Palermo,Cargador USB-C,Electrónica,1,6402.81,6402.81,Dr(a). Valentina Jazmin Ortiz
2479,2024-09-29,Palermo,Set de Vasos,Hogar,1,8346.5,8346.5,Ciro Juan Ignacio Lopez Romero
2465,2024-09-29,Nuñez,Campera de Abrigo,Indumentaria,1,32573.37,32573.37,Geronimo Benjamin Alejandro Suarez
2136,2024-09-29,Belgrano,Campera de Abrigo,Indumentaria,5,31623.79,158118.95,Dr(a). Alma Valentina Martinez
1207,2024-09-29,Palermo,Set de Vasos,Hogar,4,8040.1,32160.4,Mateo Agustin Valentina Perez Garcia
2848,2024-09-29,Palermo,Botella Térmica,Deportes,4,9768.64,39074.56,Camilo Caceres Diaz
926,2024-09-29,Palermo,Pelota de Fútbol,Deportes,4,11858.49,47433.96,Mateo Agustin Lucas Ferreyra Medina
2892,2024-09-29,Palermo,Pelota de Fútbol,Deportes,2,12190.15,24380.3,Pedro Emilia Alvarez
1697,2024-09-29,Palermo,Pelota de Fútbol,Deportes,4,12072.8,48291.2,Facundo Francisca Fernandez Lopez
2380,2024-09-29,Belgrano,Parlante Portátil,Electrónica,2,25257.9,50515.8,Renata Rios
2215,2024-09-29,Belgrano,Pelota de Fútbol,Deportes,4,11585.71,46342.84,Micaela Gonzalez
1865,2024-09-30,Palermo,Pelota de Fútbol,Deportes,3,12555.83,37667.49,Joaquin Gonzalez
2591,2024-10-01,Palermo,Campera de Abrigo,Indumentaria,4,31917.33,127669.32,Valentin Lisandro Garcia
2181,2024-10-01,Palermo,Botella Térmica,Deportes,5,9893.17,49465.85,Nahiara Joaquin Bravo Dominguez
1242,2024-10-01,Palermo,Auriculares Bluetooth,Electrónica,5,17124.29,85621.45,Santiago Gimenez Medina
2343,2024-10-01,Nuñez,Juego de Sábanas,Hogar,4,14631.7,58526.8,Lautaro Ezequiel Genaro Garcia
1205,2024-10-02,Nuñez,Parlante Portátil,Electrónica,4,25390.7,101562.8,Alma Jazmin Bianca Ortiz Silva
2368,2024-10-02,Belgrano,Campera de Abrigo,Indumentaria,1,33295.96,33295.96,Camilo Mateo Soto
622,2024-10-02,Belgrano,Cargador USB-C,Electrónica,4,6647.62,26590.48,Juana Ayala Rodriguez
1628,2024-10-02,Belgrano,Juego de Sábanas,Hogar,3,14957.97,44873.91,Milagros Castillo
1014,2024-10-02,Belgrano,Juego de Sábanas,Hogar,4,15079.68,60318.72,Delfina Ramos
1271,2024-10-02,Palermo,Auriculares Bluetooth,Electrónica,5,18116.63,90583.15,Sr(a). Maximo Acosta
2881,2024-10-03,Belgrano,Botella Térmica,Deportes,2,10205.15,20410.3,Jazmin Romero Herrera
2545,2024-10-03,Nuñez,Pelota de Fútbol,Deportes,2,11524.33,23048.66,Clara Quiroga Miranda
1862,2024-10-03,Belgrano,Botella Térmica,Deportes,5,9979.72,49898.6,Emma Lucia Paez
2473,2024-10-04,Belgrano,Juego de Sábanas,Hogar,5,15415.38,77076.9,Lucio Diaz Ortiz
855,2024-10-04,Palermo,Parlante Portátil,Electrónica,3,23989.58,71968.74,Sr(a). Alma Vera
2883,2024-10-04,Palermo,Remera Básica,Indumentaria,2,8640.33,17280.66,Ludmila Vega
2587,2024-10-04,Palermo,Remera Básica,Indumentaria,2,8559.29,17118.58,Ciro Flores
2948,2024-10-04,Nuñez,Campera de Abrigo,Indumentaria,1,31499.97,31499.97,Dr(a). Paulina Ferreyra
108,2024-10-05,Belgrano,Set de Vasos,Hogar,4,7950.21,31800.84,Dr(a). Catalina Moyano
2139,2024-10-05,Belgrano,Juego de Sábanas,Hogar,1,15531.96,15531.96,Juan Ignacio Josefina Alvarez Ponce
2945,2024-10-05,Palermo,Botella Térmica,Deportes,5,10242.5,51212.5,Juan Bautista Julia Martinez Ruiz
75,2024-10-06,Belgrano,Campera de Abrigo,Indumentaria,1,31644.34,31644.34,Lucio Sofia Godoy
2599,2024-10-06,Palermo,Auriculares Bluetooth,Electrónica,2,18367.87,36735.74,Dr(a). Valentino Romero
1071,2024-10-06,Belgrano,Pelota de Fútbol,Deportes,2,11930.03,23860.06,Sr(a). Mora Peralta
720,2024-10-06,Belgrano,Juego de Sábanas,Hogar,3,14421.69,43265.07,Bautista Medina
940,2024-10-06,Palermo,Set de Vasos,Hogar,5,7769.92,38849.6,Santino Milagros Juarez
2629,2024-10-06,Nuñez,Juego de Sábanas,Hogar,1,15395.99,15395.99,Matias Cabrera
2337,2024-10-06,Belgrano,Remera Básica,Indumentaria,4,9263.28,37053.12,Thiago Valentin Gomez Ledesma
1711,2024-10-07,Nuñez,Parlante Portátil,Electrónica,2,25833.12,51666.24,Candelaria Francisco Acosta Martinez
675,2024-10-07,Palermo,Cargador USB-C,Electrónica,2,6244.4,12488.8,Mateo Paula Perez Ferreyra
258,2024-10-07,Nuñez,Remera Básica,Indumentaria,5,9158.96,45794.8,Juan Manuel Medina Quiroga
1032,2024-10-07,Nuñez,Juego de Sábanas,Hogar,1,15737.93,15737.93,Jazmin Luna
1,2024-10-08,Palermo,Cargador USB-C,Electrónica,2,6653.71,13307.42,Benjamin Perez Diaz
409,2024-10-08,Belgrano,Parlante Portátil,Electrónica,2,23836.62,47673.24,Bianca Juan Ignacio Diaz Fernandez
1440,2024-10-09,Belgrano,Botella Térmica,Deportes,4,9627.22,38508.88,Juan Ignacio Rojas
2509,2024-10-09,Belgrano,Set de Vasos,Hogar,2,7605.05,15210.1,Ramiro Oriana Silva
1834,2024-10-09,Belgrano,Set de Vasos,Hogar,5,7962.67,39813.35,Isabella Paez Herrera
45,2024-10-10,Palermo,Set de Vasos,Hogar,3,8216.9,24650.7,Sr(a). Lisandro Cruz
1913,2024-10-11,Belgrano,Auriculares Bluetooth,Electrónica,4,18270.3,73081.2,Lautaro Nicolas Martinez Garcia
30,2024-10-12,Palermo,Campera de Abrigo,Indumentaria,1,31818.02,31818.02,Benjamin Alejandro Hernandez Perez
53,2024-10-12,Palermo,Juego de Sábanas,Hogar,5,14849.52,74247.6,Simon Guzman Molina
805,2024-10-12,Nuñez,Juego de Sábanas,Hogar,4,15354.27,61417.08,Santiago Martina Benitez Perez
1252,2024-10-12,Nuñez,Set de Vasos,Hogar,3,8395.82,25187.46,Tomàs Valentino Ferreyra Nuñez
2919,2024-10-12,Nuñez,Campera de Abrigo,Indumentaria,5,32330.9,161654.5,Luana Benitez Gomez
1234,2024-10-13,Belgrano,Set de Vasos,Hogar,1,8029.91,8029.91,Sr(a). Sofia Pereyra
746,2024-10-13,Palermo,Cargador USB-C,Electrónica,1,6515.18,6515.18,Valentino Gael Torres
2379,2024-10-14,Belgrano,Parlante Portátil,Electrónica,5,24757.03,123785.15,Dr(a). Martina Mendez
868,2024-10-15,Nuñez,Auriculares Bluetooth,Electrónica,5,17107.79,85538.95,Josefina Isabella Acosta
2055,2024-10-16,Palermo,Cargador USB-C,Electrónica,2,6667.53,13335.06,Valentino Aguirre Diaz
618,2024-10-18,Nuñez,Botella Térmica,Deportes,5,10308.81,51544.05,Santino Gomez
2419,2024-10-18,Belgrano,Set de Vasos,Hogar,5,7839.91,39199.55,Juan Manuel Quiroga
538,2024-10-18,Palermo,Juego de Sábanas,Hogar,2,14726.68,29453.36,León Castro
1558,2024-10-18,Palermo,Campera de Abrigo,Indumentaria,4,30511.45,122045.8,Catalina Ramirez
2609,2024-10-18,Palermo,Cargador USB-C,Electrónica,3,6520.73,19562.19,Valentino Godoy
198,2024-10-18,Nuñez,Cargador USB-C,Electrónica,2,6352.31,12704.62,Josefina Sanchez Valdez
2128,2024-10-19,Belgrano,Cargador USB-C,Electrónica,1,6639.52,6639.52,Ivan Suarez
2257,2024-10-19,Palermo,Auriculares Bluetooth,Electrónica,1,17324.45,17324.45,Delfina Pedro Rodriguez
1406,2024-10-19,Nuñez,Pelota de Fútbol,Deportes,2,11920.88,23841.76,Gonzalo Ramirez
2475,2024-10-19,Belgrano,Parlante Portátil,Electrónica,5,25494.35,127471.75,Sr(a). Santino Garcia
1219,2024-10-19,Palermo,Remera Básica,Indumentaria,5,8640.69,43203.45,Franco Rodriguez
265,2024-10-19,Belgrano,Set de Vasos,Hogar,1,8121.84,8121.84,Delfina Tomàs Martinez Torres
222,2024-10-19,Nuñez,Juego de Sábanas,Hogar,4,14550.27,58201.08,Santino Bustos
1247,2024-10-20,Belgrano,Campera de Abrigo,Indumentaria,4,32597.65,130390.6,Mateo Agustin Maldonado
2112,2024-10-20,Palermo,Auriculares Bluetooth,Electrónica,3,17506.52,52519.56,Paula Agustin Romero Flores
895,2024-10-21,Palermo,Botella Térmica,Deportes,3,10496.23,31488.69,Mia Morena Miranda Carrizo
2040,2024-10-21,Nuñez,Campera de Abrigo,Indumentaria,5,33139.65,165698.25,Lucas Santiago Diaz Rojas
2364,2024-10-22,Belgrano,Juego de Sábanas,Hogar,2,15596.61,31193.22,Sr(a). Juan Bautista Ramos
843,2024-10-22,Belgrano,Campera de Abrigo,Indumentaria,4,32731.54,130926.16,Agustin Fernandez Lopez
1540,2024-10-22,Belgrano,Campera de Abrigo,Indumentaria,5,32165.16,160825.8,Abigail Dylan Fernandez
854,2024-10-23,Palermo,Remera Básica,Indumentaria,1,9012.48,9012.48,Lola Ponce
1582,2024-10-23,Nuñez,Cargador USB-C,Electrónica,2,6673.47,13346.94,Helena Valentino Benitez Olivera
1226,2024-10-23,Belgrano,Cargador USB-C,Electrónica,5,6214.52,31072.6,Santino Ramirez Torres
2224,2024-10-23,Palermo,Pelota de Fútbol,Deportes,1,12085.25,12085.25,Joaquin Martin
970,2024-10-24,Belgrano,Campera de Abrigo,Indumentaria,4,31955.52,127822.08,Dr(a). Catalina Diaz
2104,2024-10-25,Palermo,Remera Básica,Indumentaria,2,8738.04,17476.08,Isabella Joaquin Coronel
1920,2024-10-25,Belgrano,Botella Térmica,Deportes,2,10098.13,20196.26,Maite Emma Herrera Campos
118,2024-10-25,Belgrano,Cargador USB-C,Electrónica,3,6445.07,19335.21,Dr(a). Ludmila Molina
1494,2024-10-25,Belgrano,Pelota de Fútbol,Deportes,2,12560.26,25120.52,Salvador Luana Garcia
2581,2024-10-25,Belgrano,Auriculares Bluetooth,Electrónica,2,18176.88,36353.76,Dr(a). Gael Castillo
2209,2024-10-26,Belgrano,Juego de Sábanas,Hogar,2,15370.35,30740.7,Simon Benicio Herrera
1479,2024-10-26,Nuñez,Juego de Sábanas,Hogar,4,15445.12,61780.48,Ignacio Luciana Navarro Gonzalez
1871,2024-10-26,Belgrano,Pelota de Fútbol,Deportes,4,12210.85,48843.4,Valentina Nahiara Jazmin Mendoza Rodriguez
215,2024-10-27,Nuñez,Parlante Portátil,Electrónica,1,24569.8,24569.8,Lautaro Molina
17,2024-10-27,Palermo,Remera Básica,Indumentaria,4,8552.92,34211.68,Sr(a). Ramiro Mansilla
1945,2024-10-27,Palermo,Pelota de Fútbol,Deportes,4,11734.22,46936.88,Delfina Gonzalez
2243,2024-10-27,Palermo,Juego de Sábanas,Hogar,4,14820.43,59281.72,Juan Cruz Bautista Benjamin Cruz
1460,2024-10-27,Nuñez,Juego de Sábanas,Hogar,3,15137.22,45411.66,Luciana Flores Correa
2965,2024-10-27,Palermo,Pelota de Fútbol,Deportes,3,11559.55,34678.65,Gino Cruz
1142,2024-10-27,Palermo,Parlante Portátil,Electrónica,1,24441.91,24441.91,Camila Lopez
132,2024-10-29,Nuñez,Set de Vasos,Hogar,4,7819.58,31278.32,Lisandro Mansilla
303,2024-10-29,Belgrano,Auriculares Bluetooth,Electrónica,3,17514.03,52542.09,Thiago Joaquín Ramos
2702,2024-10-29,Nuñez,Campera de Abrigo,Indumentaria,1,31608.68,31608.68,Sr(a). Sofía Arias
1480,2024-10-29,Nuñez,Campera de Abrigo,Indumentaria,1,33481.34,33481.34,Carmela Lopez Caceres
2401,2024-10-30,Nuñez,Remera Básica,Indumentaria,3,8944.07,26832.21,Mateo Lautaro Flores Herrera
2097,2024-10-31,Belgrano,Set de Vasos,Hogar,2,8303.56,16607.12,Santino Silva Figueroa
948,2024-11-01,Palermo,Parlante Portátil,Electrónica,4,25589.72,102358.88,Dr(a). Paloma Coronel
2553,2024-11-01,Nuñez,Remera Básica,Indumentaria,3,8906.89,26720.67,Sr(a). Benjamin Alejandro Vera
2952,2024-11-01,Nuñez,Campera de Abrigo,Indumentaria,1,31051.48,31051.48,Dr(a). Rosario Romero
1201,2024-11-01,Palermo,Juego de Sábanas,Hogar,1,14774.58,14774.58,Lucas Delfina Vazquez
628,2024-11-01,Nuñez,Parlante Portátil,Electrónica,1,25909.14,25909.14,Sr(a). Ignacio Flores
2626,2024-11-02,Nuñez,Botella Térmica,Deportes,4,9678.2,38712.8,Valentino Molina Ponce
615,2024-11-02,Belgrano,Pelota de Fútbol,Deportes,4,12357.56,49430.24,Milo Dominguez Sosa
710,2024-11-02,Belgrano,Botella Térmica,Deportes,3,10055.18,30165.54,Bruno Thiago Benjamin Bravo Morales
1637,2024-11-02,Nuñez,Parlante Portátil,Electrónica,5,23970.01,119850.05,Mateo Mateo Benjamin Gonzalez Dominguez
1622,2024-11-02,Nuñez,Pelota de Fútbol,Deportes,5,11698.83,58494.15,Alma Valentina Juan Pablo Gonzalez Coronel
2778,2024-11-03,Nuñez,Set de Vasos,Hogar,1,7685.66,7685.66,Sr(a). Olivia Toledo
1658,2024-11-03,Nuñez,Campera de Abrigo,Indumentaria,1,32481.38,32481.38,Thiago Valentin Bautista Benjamin Farias
1021,2024-11-03,Nuñez,Parlante Portátil,Electrónica,1,25826.25,25826.25,Martina Sofia Barrios
954,2024-11-03,Belgrano,Cargador USB-C,Electrónica,2,6619.8,13239.6,Thiago Ezequiel Felipe Rodriguez Caceres
898,2024-11-03,Nuñez,Set de Vasos,Hogar,5,7850.68,39253.4,Thiago Benjamin Isabella Correa Hernandez
707,2024-11-03,Belgrano,Cargador USB-C,Electrónica,3,6673.57,20020.71,Guillermina Lautaro Gutierrez
2025,2024-11-03,Palermo,Cargador USB-C,Electrónica,2,6627.34,13254.68,Ignacio Lautaro Ezequiel Suarez
1882,2024-11-03,Palermo,Cargador USB-C,Electrónica,3,6310.49,18931.47,Jeremias Mateo Rodriguez Ayala
59,2024-11-03,Nuñez,Cargador USB-C,Electrónica,4,6387.02,25548.08,Dr(a). Felipe Garcia
600,2024-11-03,Belgrano,Remera Básica,Indumentaria,5,8592.94,42964.7,Valentino Gonzalez Ruiz
2979,2024-11-03,Palermo,Cargador USB-C,Electrónica,2,6510.78,13021.56,Dr(a). Luz Milagros Sanchez
2974,2024-11-04,Palermo,Campera de Abrigo,Indumentaria,3,32080.61,96241.83,Ignacio Ledesma Medina
1337,2024-11-04,Nuñez,Campera de Abrigo,Indumentaria,3,31681.1,95043.3,Felicitas Perez
988,2024-11-04,Nuñez,Remera Básica,Indumentaria,5,8851.04,44255.2,Benicio Gimenez Garcia
2633,2024-11-05,Palermo,Botella Térmica,Deportes,4,9742.53,38970.12,Isabel Gonzalez Vargas
647,2024-11-05,Nuñez,Auriculares Bluetooth,Electrónica,2,17486.68,34973.36,Violeta Diaz Gonzalez
715,2024-11-05,Belgrano,Juego de Sábanas,Hogar,3,14512.52,43537.56,Emma Herrera Alvarez
2549,2024-11-05,Palermo,Auriculares Bluetooth,Electrónica,4,18626.86,74507.44,Julian Vicente Sanchez Garcia
366,2024-11-05,Nuñez,Parlante Portátil,Electrónica,3,23983.35,71950.05,Martina Bastian Herrera
2207,2024-11-06,Belgrano,Cargador USB-C,Electrónica,5,6516.11,32580.55,Olivia Abril Rodriguez
61,2024-11-07,Nuñez,Parlante Portátil,Electrónica,4,25714.4,102857.6,Isabella Herrera Ayala
1603,2024-11-08,Nuñez,Remera Básica,Indumentaria,4,9155.95,36623.8,Facundo Abril Castillo Mansilla
2212,2024-11-08,Nuñez,Auriculares Bluetooth,Electrónica,1,17778.88,17778.88,Milo Farias
534,2024-11-08,Nuñez,Campera de Abrigo,Indumentaria,3,31077.56,93232.68,Martín Sanchez
669,2024-11-08,Palermo,Auriculares Bluetooth,Electrónica,4,18439.9,73759.6,Morena Juan Cruz Garcia
2586,2024-11-08,Palermo,Pelota de Fútbol,Deportes,5,11998.91,59994.55,Francesca Figueroa
2541,2024-11-08,Nuñez,Set de Vasos,Hogar,4,8055.51,32222.04,Mateo Valentin Olivia Gomez
1663,2024-11-09,Belgrano,Parlante Portátil,Electrónica,3,26022.45,78067.35,Malena Lucas Benitez Moreno
2462,2024-11-09,Nuñez,Juego de Sábanas,Hogar,2,15325.92,30651.84,Agustina Ruiz
1704,2024-11-09,Nuñez,Botella Térmica,Deportes,1,10139.45,10139.45,Dr(a). Juan Martin Fernandez
2476,2024-11-09,Nuñez,Auriculares Bluetooth,Electrónica,3,17433.66,52300.98,Sr(a). Dante Moreno
1990,2024-11-09,Nuñez,Remera Básica,Indumentaria,4,8926.17,35704.68,Sr(a). Thiago Silva
2157,2024-11-10,Belgrano,Botella Térmica,Deportes,1,10225.99,10225.99,Juan Francisco Vega Medina
1549,2024-11-10,Belgrano,Parlante Portátil,Electrónica,2,25894.41,51788.82,Candelaria Ruiz Aguirre
1300,2024-11-10,Nuñez,Juego de Sábanas,Hogar,1,15298.98,15298.98,Tobias Navarro
1244,2024-11-10,Palermo,Pelota de Fútbol,Deportes,2,11692.57,23385.14,Camila Fernandez
2662,2024-11-10,Belgrano,Pelota de Fútbol,Deportes,2,12317.62,24635.24,Micaela Castro Moyano
2203,2024-11-10,Palermo,Auriculares Bluetooth,Electrónica,2,18155.4,36310.8,Joaquin Leiva Alvarez
393,2024-11-10,Belgrano,Botella Térmica,Deportes,5,10483.12,52415.6,Martina Aguero
460,2024-11-10,Nuñez,Set de Vasos,Hogar,3,7897.35,23692.05,Josefina Fernandez
837,2024-11-11,Palermo,Auriculares Bluetooth,Electrónica,5,18613.58,93067.9,Joaquin Aguero
190,2024-11-12,Belgrano,Auriculares Bluetooth,Electrónica,2,17715.12,35430.24,Catalina Soto Miranda
1272,2024-11-12,Palermo,Pelota de Fútbol,Deportes,3,12302.02,36906.06,Enzo Martinez Rojas
1270,2024-11-12,Nuñez,Juego de Sábanas,Hogar,2,15207.58,30415.16,Joaquín Ruiz
2527,2024-11-12,Belgrano,Campera de Abrigo,Indumentaria,5,32550.76,162753.8,Santiago Tiziano Valentin Fernandez
64,2024-11-13,Nuñez,Juego de Sábanas,Hogar,2,14471.03,28942.06,Juan Ignacio Paez
2673,2024-11-13,Belgrano,Pelota de Fútbol,Deportes,4,11563.86,46255.44,Dr(a). Benjamin Alejandro Benitez
2987,2024-11-13,Palermo,Set de Vasos,Hogar,3,7992.6,23977.8,Lara Aguero
2992,2024-11-13,Belgrano,Parlante Portátil,Electrónica,4,24466.53,97866.12,Giuliana Farias Vargas
2024,2024-11-15,Palermo,Remera Básica,Indumentaria,4,8814.11,35256.44,Camila Benjamin Gomez
2768,2024-11-15,Belgrano,Juego de Sábanas,Hogar,2,14766.66,29533.32,Julieta Francisco Ramos Martinez
3000,2024-11-15,Nuñez,Auriculares Bluetooth,Electrónica,3,18872.48,56617.44,Nicolas Catalina Lopez Rivero
1047,2024-11-15,Palermo,Auriculares Bluetooth,Electrónica,5,18827.53,94137.65,Sr(a). Alfonsina Ramos
747,2024-11-15,Palermo,Cargador USB-C,Electrónica,3,6522.77,19568.31,Clara Perez Correa
719,2024-11-15,Belgrano,Cargador USB-C,Electrónica,2,6383.57,12767.14,Joaquin Cordoba Chavez
468,2024-11-15,Palermo,Juego de Sábanas,Hogar,4,15005.0,60020.0,Dr(a). Emilia Silva
2589,2024-11-16,Nuñez,Cargador USB-C,Electrónica,4,6497.94,25991.76,Dr(a). Martina Ferreyra
2918,2024-11-16,Nuñez,Juego de Sábanas,Hogar,3,14511.57,43534.71,Ciro Benjamin Duarte Perez
2659,2024-11-16,Palermo,Set de Vasos,Hogar,1,8382.0,8382.0,Thiago Gabriel Luz Maria Correa Luna
1823,2024-11-16,Palermo,Pelota de Fútbol,Deportes,1,11860.97,11860.97,Dr(a). Maximo Navarro
540,2024-11-16,Palermo,Parlante Portátil,Electrónica,2,25530.5,51061.0,Thiago Gabriel Farias Gomez
1810,2024-11-16,Belgrano,Remera Básica,Indumentaria,2,8755.3,17510.6,Oriana Gutierrez
464,2024-11-16,Belgrano,Pelota de Fútbol,Deportes,1,11942.46,11942.46,Malena Julia Molina
174,2024-11-16,Palermo,Remera Básica,Indumentaria,5,8913.98,44569.9,Felipe Correa Duarte
2086,2024-11-16,Belgrano,Parlante Portátil,Electrónica,1,25736.72,25736.72,Bianca Pilar Castillo Quiroga
347,2024-11-16,Belgrano,Cargador USB-C,Electrónica,5,6430.15,32150.75,Santiago Franco
934,2024-11-16,Palermo,Set de Vasos,Hogar,2,7999.37,15998.74,Juan Ignacio Elena Diaz
2838,2024-11-17,Palermo,Set de Vasos,Hogar,3,7929.2,23787.6,Ambar Tiziano Benjamin Romero
1456,2024-11-17,Belgrano,Set de Vasos,Hogar,4,7936.82,31747.28,Constanza Valentino Lopez
1828,2024-11-17,Belgrano,Remera Básica,Indumentaria,5,8730.05,43650.25,Tomàs Silva Gonzalez
220,2024-11-17,Nuñez,Auriculares Bluetooth,Electrónica,2,18828.94,37657.88,Guillermina Martina Gimenez
329,2024-11-17,Belgrano,Juego de Sábanas,Hogar,4,15703.09,62812.36,Isabella Rivero Rodriguez
607,2024-11-17,Palermo,Remera Básica,Indumentaria,3,9189.39,27568.17,Sr(a). Mia Molina
1329,2024-11-17,Palermo,Remera Básica,Indumentaria,3,9169.46,27508.38,Thiago Gabriel Maria Paz Pereyra Ramos
1317,2024-11-17,Belgrano,Campera de Abrigo,Indumentaria,4,32987.36,131949.44,Jazmin Lucía Paez
2138,2024-11-17,Nuñez,Cargador USB-C,Electrónica,1,6338.75,6338.75,Sr(a). Maria Emilia Gomez
2276,2024-11-18,Nuñez,Botella Térmica,Deportes,1,9816.67,9816.67,Thiago Nicolas Camila Castillo
1296,2024-11-20,Nuñez,Remera Básica,Indumentaria,4,9390.44,37561.76,Ignacio Catalina Gomez Toledo
735,2024-11-20,Palermo,Pelota de Fútbol,Deportes,3,12502.2,37506.6,Juan Cruz Victoria Rodriguez Diaz
674,2024-11-21,Palermo,Juego de Sábanas,Hogar,5,15672.9,78364.5,Jeronimo Nahuel Cruz
2484,2024-11-21,Belgrano,Botella Térmica,Deportes,3,10315.65,30946.95,Sr(a). Alma Gonzalez
1757,2024-11-21,Nuñez,Pelota de Fútbol,Deportes,1,12538.31,12538.31,Bastian Gutierrez Gutierrez
2155,2024-11-21,Palermo,Campera de Abrigo,Indumentaria,4,32147.56,128590.24,Genaro Santiago Mendez Ruiz
2759,2024-11-21,Nuñez,Cargador USB-C,Electrónica,5,6535.94,32679.7,Mateo Benjamin Fausto Gomez
1762,2024-11-21,Nuñez,Parlante Portátil,Electrónica,1,24774.81,24774.81,Enzo Garcia
293,2024-11-22,Nuñez,Campera de Abrigo,Indumentaria,4,30877.5,123510.0,Joaquina Muñoz
237,2024-11-22,Belgrano,Remera Básica,Indumentaria,1,8790.72,8790.72,Santino Nicolas Peralta
2878,2024-11-22,Belgrano,Set de Vasos,Hogar,5,8103.64,40518.2,Sofia Joaquin Sanchez
1884,2024-11-23,Belgrano,Auriculares Bluetooth,Electrónica,3,18361.14,55083.42,Maria Victoria Bianca Gonzalez
834,2024-11-23,Belgrano,Botella Térmica,Deportes,5,10475.6,52378.0,Luana Valentina Medina
2822,2024-11-23,Palermo,Campera de Abrigo,Indumentaria,5,31478.27,157391.35,Giuliana Lucas Aguirre
2413,2024-11-23,Palermo,Auriculares Bluetooth,Electrónica,2,18653.08,37306.16,Thiago Torres Sanchez
2256,2024-11-23,Belgrano,Cargador USB-C,Electrónica,2,6713.05,13426.1,Bruno Quiroga
1993,2024-11-23,Nuñez,Remera Básica,Indumentaria,4,8941.8,35767.2,Dr(a). Juan Cruz Gonzalez
920,2024-11-23,Nuñez,Parlante Portátil,Electrónica,2,24401.7,48803.4,Isabella Delfina Moreno Ruiz
1332,2024-11-23,Belgrano,Campera de Abrigo,Indumentaria,1,32968.72,32968.72,Luz Milagros Pereyra
659,2024-11-24,Palermo,Cargador USB-C,Electrónica,1,6675.29,6675.29,Emilia Thiago Benjamin Mendez Velazquez
290,2024-11-24,Nuñez,Remera Básica,Indumentaria,2,9437.13,18874.26,Catalina Rodriguez Benitez
1664,2024-11-24,Nuñez,Set de Vasos,Hogar,1,7865.27,7865.27,Sofia Perez Gonzalez
2536,2024-11-24,Palermo,Campera de Abrigo,Indumentaria,3,32299.41,96898.23,Paloma Uma Ramos Mendez
1824,2024-11-25,Nuñez,Parlante Portátil,Electrónica,4,24906.72,99626.88,Benjamin Mateo Agustin Rojas
2144,2024-11-25,Nuñez,Cargador USB-C,Electrónica,4,6677.88,26711.52,Luana Guillermina Medina Juarez
2158,2024-11-26,Nuñez,Parlante Portátil,Electrónica,4,24485.04,97940.16,Dante Simon Suarez
419,2024-11-26,Belgrano,Remera Básica,Indumentaria,2,9209.12,18418.24,Dr(a). Juan Gabriel Martinez
764,2024-11-27,Belgrano,Parlante Portátil,Electrónica,1,24443.22,24443.22,Dante Lautaro Nahuel Alvarez
417,2024-11-27,Palermo,Juego de Sábanas,Hogar,2,15129.91,30259.82,Sr(a). Ludmila Gutierrez
1659,2024-11-27,Belgrano,Campera de Abrigo,Indumentaria,2,30967.55,61935.1,Juan Cruz Rivero
89,2024-11-28,Belgrano,Campera de Abrigo,Indumentaria,2,31535.44,63070.88,Alma Mia Diaz Maldonado
629,2024-11-28,Palermo,Juego de Sábanas,Hogar,3,15127.05,45381.15,Francisco Ruiz
2855,2024-11-28,Nuñez,Auriculares Bluetooth,Electrónica,2,18685.76,37371.52,Dr(a). Milena Castillo
2406,2024-11-28,Palermo,Campera de Abrigo,Indumentaria,4,32412.62,129650.48,Benjamin Kiara Maidana Aguirre
1093,2024-11-29,Nuñez,Cargador USB-C,Electrónica,2,6339.3,12678.6,Mora Coronel
2219,2024-11-29,Palermo,Parlante Portátil,Electrónica,2,25191.62,50383.24,Thiago Agustin Quiroga Cardozo
1149,2024-11-29,Palermo,Remera Básica,Indumentaria,2,9096.09,18192.18,Faustino Gonzalez Valdez
2652,2024-11-29,Nuñez,Set de Vasos,Hogar,2,8080.63,16161.26,Martina Francisco Benitez
917,2024-11-30,Nuñez,Botella Térmica,Deportes,1,10261.98,10261.98,Benjamin Maidana Gimenez
2316,2024-11-30,Nuñez,Campera de Abrigo,Indumentaria,4,32405.09,129620.36,Benicio Mora Gomez Blanco
317,2024-11-30,Belgrano,Cargador USB-C,Electrónica,3,6684.31,20052.93,Dr(a). Ludmila Ayala
1569,2024-11-30,Palermo,Auriculares Bluetooth,Electrónica,2,18196.84,36393.68,Sr(a). Juan Gabriel Lopez
2227,2024-11-30,Nuñez,Pelota de Fútbol,Deportes,5,12534.97,62674.85,Tiziano Benjamin Ortiz Diaz
2251,2024-11-30,Nuñez,Remera Básica,Indumentaria,4,8826.25,35305.0,Sofia Vega
78,2024-11-30,Belgrano,Juego de Sábanas,Hogar,4,14667.38,58669.52,Milo Luca Perez Villalba
1472,2024-11-30,Nuñez,Pelota de Fútbol,Deportes,3,11731.33,35193.99,Lucio Tomas Rodriguez
397,2024-11-30,Nuñez,Campera de Abrigo,Indumentaria,3,31147.56,93442.68,Martina Rodriguez
2220,2024-11-30,Nuñez,Juego de Sábanas,Hogar,5,14363.04,71815.2,Priscila Antonella Ayala
2837,2024-12-01,Belgrano,Parlante Portátil,Electrónica,4,24822.66,99290.64,Josefina Mendez Garcia
172,2024-12-01,Belgrano,Set de Vasos,Hogar,4,8197.61,32790.44,Juan Ignacio Rodriguez
994,2024-12-01,Palermo,Juego de Sábanas,Hogar,2,15484.26,30968.52,Benjamin Luna Rojas
2192,2024-12-01,Belgrano,Cargador USB-C,Electrónica,2,6648.81,13297.62,Bautista Maria Paz Toledo
1673,2024-12-01,Palermo,Set de Vasos,Hogar,2,8063.49,16126.98,Dr(a). Luciana Villalba
806,2024-12-01,Palermo,Juego de Sábanas,Hogar,2,15587.73,31175.46,Tiziano Felipe Quiroga Gomez
2771,2024-12-01,Nuñez,Parlante Portátil,Electrónica,1,24467.16,24467.16,Benjamin Villalba
401,2024-12-01,Palermo,Auriculares Bluetooth,Electrónica,2,18843.12,37686.24,Valentina Santino Ponce Aguirre
1321,2024-12-01,Palermo,Juego de Sábanas,Hogar,1,15341.62,15341.62,Bautista Felipe Mansilla Romero
2426,2024-12-01,Belgrano,Parlante Portátil,Electrónica,2,25332.21,50664.42,Renata Paz
1024,2024-12-02,Nuñez,Pelota de Fútbol,Deportes,2,12175.73,24351.46,Clara Franco Alvarez Alvarez
2009,2024-12-02,Nuñez,Campera de Abrigo,Indumentaria,2,30445.48,60890.96,Dr(a). Victoria Gonzalez
1115,2024-12-02,Nuñez,Pelota de Fútbol,Deportes,3,12172.32,36516.96,Lautaro Peralta Juarez
1451,2024-12-02,Belgrano,Remera Básica,Indumentaria,3,8757.8,26273.4,Lola Diaz Ferreyra
478,2024-12-04,Palermo,Pelota de Fútbol,Deportes,1,12205.96,12205.96,Jeremias Lucero
25,2024-12-04,Palermo,Auriculares Bluetooth,Electrónica,2,17601.26,35202.52,Felipe Fernandez Peralta
2067,2024-12-04,Belgrano,Auriculares Bluetooth,Electrónica,5,18149.18,90745.9,Emma Bautista Muñoz
2650,2024-12-05,Palermo,Parlante Portátil,Electrónica,3,24848.94,74546.82,Bautista Ian Ezequiel Mansilla Gutierrez
1978,2024-12-05,Belgrano,Juego de Sábanas,Hogar,2,14493.67,28987.34,Maia Blanco Gomez
1724,2024-12-05,Nuñez,Auriculares Bluetooth,Electrónica,4,18133.21,72532.84,Dr(a). Agustina Benitez
2202,2024-12-06,Palermo,Cargador USB-C,Electrónica,1,6748.62,6748.62,Dr(a). Nicolas Cabrera
773,2024-12-07,Belgrano,Botella Térmica,Deportes,4,9555.19,38220.76,Thiago Leonel Guzman Campos
2890,2024-12-07,Belgrano,Campera de Abrigo,Indumentaria,3,32752.77,98258.31,Mia Valentina Fernandez Lopez
2029,2024-12-07,Belgrano,Cargador USB-C,Electrónica,1,6293.7,6293.7,Juan Ignacio Thiago Nicolas Lopez Carrizo
708,2024-12-07,Nuñez,Cargador USB-C,Electrónica,5,6575.4,32877.0,Mateo Juan Ignacio Vargas Perez
148,2024-12-07,Palermo,Auriculares Bluetooth,Electrónica,2,18516.56,37033.12,Lautaro Flores Torres
1353,2024-12-07,Nuñez,Campera de Abrigo,Indumentaria,3,31583.3,94749.9,Santino Suarez
187,2024-12-07,Belgrano,Campera de Abrigo,Indumentaria,2,33333.59,66667.18,Simon Valentin Sanchez Ruiz
1039,2024-12-07,Palermo,Remera Básica,Indumentaria,2,9399.19,18798.38,Joaquin Rivero
1074,2024-12-07,Palermo,Botella Térmica,Deportes,3,9750.02,29250.06,Sr(a). Maximo Ponce
1361,2024-12-08,Palermo,Parlante Portátil,Electrónica,3,25953.14,77859.42,Manuel Emma Dominguez Rodriguez
2035,2024-12-08,Palermo,Juego de Sábanas,Hogar,5,15301.05,76505.25,Alexander Thiago Martinez
1876,2024-12-08,Nuñez,Parlante Portátil,Electrónica,3,25579.64,76738.92,Sr(a). Emma Castro
602,2024-12-08,Belgrano,Cargador USB-C,Electrónica,3,6539.23,19617.69,Lorenzo Gael Ferreyra Luna
2704,2024-12-08,Belgrano,Pelota de Fútbol,Deportes,3,11891.51,35674.53,Dr(a). Juan Manuel Ramos
1998,2024-12-08,Palermo,Campera de Abrigo,Indumentaria,2,31168.07,62336.14,Santino Ortiz
759,2024-12-09,Nuñez,Campera de Abrigo,Indumentaria,1,31217.1,31217.1,Dr(a). Alma Ortiz
845,2024-12-09,Nuñez,Pelota de Fútbol,Deportes,5,12307.34,61536.7,Pedro Thiago Sosa Martinez
1301,2024-12-09,Belgrano,Pelota de Fútbol,Deportes,2,11950.59,23901.18,Sr(a). Juana Fernandez
268,2024-12-09,Belgrano,Auriculares Bluetooth,Electrónica,5,18043.77,90218.85,Antonella Moreno Luna
655,2024-12-10,Palermo,Parlante Portátil,Electrónica,5,25613.29,128066.45,Sofia Tiziano Benjamin Ledesma
2013,2024-12-11,Nuñez,Botella Térmica,Deportes,5,9965.3,49826.5,Emilia Lucero Medina
2507,2024-12-11,Belgrano,Remera Básica,Indumentaria,1,9360.2,9360.2,Joaquina Gutierrez
498,2024-12-12,Nuñez,Juego de Sábanas,Hogar,4,14319.75,57279.0,Delfina Valentino Fernandez
1840,2024-12-12,Palermo,Juego de Sábanas,Hogar,3,15376.28,46128.84,Felipe Juan Ignacio Vega
1003,2024-12-13,Belgrano,Campera de Abrigo,Indumentaria,4,32754.92,131019.68,Dr(a). Juliana Fernandez
1078,2024-12-13,Belgrano,Parlante Portátil,Electrónica,4,25464.41,101857.64,Sr(a). Thiago Benjamin Ramirez
2524,2024-12-13,Belgrano,Auriculares Bluetooth,Electrónica,5,18062.58,90312.9,Luca Lucia Garcia Gonzalez
1399,2024-12-13,Belgrano,Parlante Portátil,Electrónica,2,24445.85,48891.7,Sr(a). Emilia Rodriguez
2326,2024-12-14,Belgrano,Set de Vasos,Hogar,1,8056.97,8056.97,Juan Cruz Fernandez Vazquez
4,2024-12-14,Palermo,Set de Vasos,Hogar,2,8365.77,16731.54,Juan Bautista Martina Diaz
774,2024-12-14,Belgrano,Cargador USB-C,Electrónica,4,6669.29,26677.16,Federico Antonella Nuñez Romero
2183,2024-12-14,Nuñez,Parlante Portátil,Electrónica,3,23949.02,71847.06,Milagros Tomàs Silva Ledesma
2889,2024-12-14,Palermo,Auriculares Bluetooth,Electrónica,5,18297.92,91489.6,Juan Bautista Benjamin Juarez Ruiz
2910,2024-12-14,Palermo,Set de Vasos,Hogar,5,7953.1,39765.5,Benjamin Romero
730,2024-12-14,Palermo,Botella Térmica,Deportes,5,9931.15,49655.75,Mateo Valentin Escobar Gutierrez
2023,2024-12-14,Nuñez,Botella Térmica,Deportes,1,10286.15,10286.15,Alma Ruiz
2090,2024-12-15,Palermo,Set de Vasos,Hogar,5,7820.06,39100.3,Juan David Fernandez
1276,2024-12-15,Nuñez,Botella Térmica,Deportes,2,9839.02,19678.04,Sr(a). Malena Moreno
888,2024-12-15,Nuñez,Auriculares Bluetooth,Electrónica,4,17721.26,70885.04,Ciro Santino Gutierrez Rios
2674,2024-12-15,Belgrano,Set de Vasos,Hogar,5,8060.09,40300.45,Bautista Benjamin Victoria Aguero Fernandez
2310,2024-12-15,Palermo,Campera de Abrigo,Indumentaria,2,30540.13,61080.26,Felipe Rodriguez
1922,2024-12-15,Nuñez,Pelota de Fútbol,Deportes,5,11486.46,57432.3,Octavio Rios Coronel
860,2024-12-16,Palermo,Parlante Portátil,Electrónica,3,23821.9,71465.7,Ambar Delfina Diaz Hernandez
588,2024-12-16,Belgrano,Cargador USB-C,Electrónica,2,6484.76,12969.52,Thiago Nicolas Josefina Gomez
2124,2024-12-16,Nuñez,Auriculares Bluetooth,Electrónica,4,18653.1,74612.4,Abril Garcia Diaz
44,2024-12-17,Belgrano,Parlante Portátil,Electrónica,3,25013.52,75040.56,Agustina Garcia Suarez
1579,2024-12-19,Nuñez,Pelota de Fútbol,Deportes,5,11843.03,59215.15,Violeta Lautaro Benjamin Ledesma
1731,2024-12-19,Palermo,Botella Térmica,Deportes,2,10099.72,20199.44,Dr(a). Facundo Gomez
1198,2024-12-19,Nuñez,Botella Térmica,Deportes,5,10184.08,50920.4,Dr(a). Paula Mendoza
209,2024-12-19,Belgrano,Campera de Abrigo,Indumentaria,1,32868.8,32868.8,Renata Jazmin Herrera Medina
316,2024-12-20,Nuñez,Campera de Abrigo,Indumentaria,4,31142.86,124571.44,Lola Martin Lopez
1560,2024-12-20,Palermo,Pelota de Fútbol,Deportes,1,12187.04,12187.04,Sofia Zoe Jazmin Garcia
2871,2024-12-21,Palermo,Botella Térmica,Deportes,5,10499.82,52499.1,Pedro Perez
1359,2024-12-21,Palermo,Parlante Portátil,Electrónica,5,24469.95,122349.75,Bautista Diaz
1870,2024-12-21,Palermo,Botella Térmica,Deportes,5,9901.78,49508.9,Juana Gomez Fernandez
85,2024-12-21,Nuñez,Set de Vasos,Hogar,3,7655.17,22965.51,Candelaria Nina Lucero
1468,2024-12-21,Palermo,Remera Básica,Indumentaria,1,8809.06,8809.06,Gabriel Lucia Luna
383,2024-12-21,Belgrano,Parlante Portátil,Electrónica,3,24167.41,72502.23,Antonio Josefina Sanchez
1318,2024-12-21,Belgrano,Parlante Portátil,Electrónica,5,25249.98,126249.9,Dr(a). Malena Correa
1369,2024-12-21,Nuñez,Pelota de Fútbol,Deportes,1,11998.71,11998.71,Julieta Geronimo Peralta Ayala
1150,2024-12-22,Nuñez,Campera de Abrigo,Indumentaria,4,33557.99,134231.96,Thiago Benjamin Thiago Agustin Ojeda Martinez
1941,2024-12-22,Nuñez,Campera de Abrigo,Indumentaria,3,33317.12,99951.36,Martín Alma Carrizo
633,2024-12-22,Nuñez,Parlante Portátil,Electrónica,4,24438.31,97753.24,Dante Figueroa Rojas
582,2024-12-22,Nuñez,Botella Térmica,Deportes,3,9726.3,29178.9,Francisco Rodriguez
2259,2024-12-22,Nuñez,Set de Vasos,Hogar,4,8274.8,33099.2,Guadalupe Thiago Joaquin Vera Martinez
2654,2024-12-22,Palermo,Cargador USB-C,Electrónica,2,6630.99,13261.98,Victoria Nuñez Garcia
2692,2024-12-23,Palermo,Set de Vasos,Hogar,4,7633.81,30535.24,Dr(a). Mateo Benjamin Gomez
2708,2024-12-25,Nuñez,Juego de Sábanas,Hogar,2,15496.74,30993.48,Valentino Aguero Ayala
889,2024-12-25,Belgrano,Remera Básica,Indumentaria,2,8772.85,17545.7,Ciro Tiziano Valentin Gutierrez
217,2024-12-27,Nuñez,Auriculares Bluetooth,Electrónica,4,17594.2,70376.8,Lautaro Gabriel Emma Alvarez
580,2024-12-27,Belgrano,Set de Vasos,Hogar,4,8068.86,32275.44,Dr(a). Olivia Villalba
829,2024-12-27,Palermo,Auriculares Bluetooth,Electrónica,2,18213.53,36427.06,Thiago Benjamin Ciro Moreno Lopez
1253,2024-12-27,Belgrano,Parlante Portátil,Electrónica,4,24953.22,99812.88,Morena Jazmin Josefina Vega
206,2024-12-27,Nuñez,Auriculares Bluetooth,Electrónica,4,17437.17,69748.68,Nicolas Gomez Toledo
2533,2024-12-27,Palermo,Campera de Abrigo,Indumentaria,2,31904.83,63809.66,Santino Cordoba Romero
1443,2024-12-27,Nuñez,Auriculares Bluetooth,Electrónica,1,18181.04,18181.04,Alejo Garcia
1681,2024-12-28,Palermo,Juego de Sábanas,Hogar,2,15094.32,30188.64,Dr(a). Josefina Campos
1352,2024-12-28,Palermo,Botella Térmica,Deportes,2,9896.93,19793.86,Francesco Lautaro Nicolas Acosta Gonzalez
711,2024-12-28,Palermo,Auriculares Bluetooth,Electrónica,2,17604.83,35209.66,Facundo Sosa
2195,2024-12-28,Palermo,Cargador USB-C,Electrónica,4,6575.22,26300.88,Olivia Soto
1380,2024-12-28,Nuñez,Botella Térmica,Deportes,4,10461.45,41845.8,Milagros Bravo
1202,2024-12-29,Belgrano,Parlante Portátil,Electrónica,4,24980.12,99920.48,Benicio Facundo Campos Gonzalez
2616,2024-12-29,Palermo,Botella Térmica,Deportes,2,10424.9,20849.8,Juan Bautista Sosa
1657,2024-12-29,Palermo,Campera de Abrigo,Indumentaria,3,33076.91,99230.73,Maximo Torres Fernandez
2800,2024-12-29,Nuñez,Pelota de Fútbol,Deportes,5,12573.32,62866.6,Maximo Valentina Medina Maidana
2297,2024-12-29,Palermo,Campera de Abrigo,Indumentaria,4,33278.68,133114.72,Guillermina Medina Maldonado
1376,2024-12-29,Belgrano,Auriculares Bluetooth,Electrónica,4,17860.61,71442.44,Olivia Molina
2120,2024-12-30,Palermo,Juego de Sábanas,Hogar,4,15013.61,60054.44,Juan Manuel Hernandez Martin
2788,2024-12-31,Palermo,Remera Básica,Indumentaria,2,8565.47,17130.94,Thiago Benjamin Diaz Ortiz
1779,2024-12-31,Belgrano,Cargador USB-C,Electrónica,2,6797.67,13595.34,Giovanni Farias
1715,2024-12-31,Nuñez,Campera de Abrigo,Indumentaria,2,31429.32,62858.64,Lautaro Benjamin Rodriguez Soria
1328,2025-01-01,Palermo,Auriculares Bluetooth,Electrónica,2,18282.52,36565.04,Florencia Fernandez
737,2025-01-02,Belgrano,Parlante Portátil,Electrónica,3,25914.2,77742.6,Josefina Gomez
541,2025-01-03,Belgrano,Campera de Abrigo,Indumentaria,3,33209.23,99627.69,Isabella Thiago Juarez
1446,2025-01-03,Nuñez,Remera Básica,Indumentaria,4,9357.65,37430.6,Pilar Antonio Benitez Lopez
1767,2025-01-03,Belgrano,Pelota de Fútbol,Deportes,3,12164.51,36493.53,Joaquin Herrera Ledesma
207,2025-01-04,Nuñez,Cargador USB-C,Electrónica,5,6528.65,32643.25,Malena Gomez Miranda
2320,2025-01-04,Palermo,Parlante Portátil,Electrónica,4,25972.88,103891.52,Lautaro Santino Avila Dominguez
520,2025-01-04,Belgrano,Remera Básica,Indumentaria,5,9027.45,45137.25,Felicitas Molina
2197,2025-01-04,Belgrano,Auriculares Bluetooth,Electrónica,5,18048.21,90241.05,Dr(a). Bautista Godoy
326,2025-01-04,Palermo,Pelota de Fútbol,Deportes,2,12265.08,24530.16,Dr(a). Santino Ezequiel Morales
95,2025-01-04,Palermo,Set de Vasos,Hogar,1,8166.41,8166.41,Martina Matias Romero Caceres
176,2025-01-05,Nuñez,Pelota de Fútbol,Deportes,1,11691.98,11691.98,Sr(a). Octavio Alvarez
86,2025-01-05,Palermo,Remera Básica,Indumentaria,4,9186.58,36746.32,Joaquin Blanco Vargas
224,2025-01-05,Nuñez,Remera Básica,Indumentaria,1,9436.62,9436.62,Bautista Sofia Belen Perez
153,2025-01-05,Palermo,Botella Térmica,Deportes,1,9952.01,9952.01,Valentin Paz
2460,2025-01-05,Nuñez,Cargador USB-C,Electrónica,3,6552.79,19658.37,Thiago Benjamin Jazmin Moyano
2394,2025-01-06,Nuñez,Auriculares Bluetooth,Electrónica,4,17195.83,68783.32,Isabella Correa
2762,2025-01-06,Palermo,Auriculares Bluetooth,Electrónica,2,17599.92,35199.84,Camilo Nicolas Ferreyra Gutierrez
1868,2025-01-07,Belgrano,Auriculares Bluetooth,Electrónica,3,17921.26,53763.78,Felipe Moyano Peralta
2985,2025-01-08,Palermo,Botella Térmica,Deportes,1,9948.57,9948.57,Sr(a). Renzo Moreno
1943,2025-01-08,Palermo,Botella Térmica,Deportes,2,9589.97,19179.94,Dr(a). Mora Flores
242,2025-01-09,Nuñez,Set de Vasos,Hogar,1,8056.23,8056.23,Benjamin Milena Ruiz Gonzalez
2998,2025-01-09,Nuñez,Campera de Abrigo,Indumentaria,1,33349.84,33349.84,Luciano Jeremias Martinez
1283,2025-01-10,Belgrano,Parlante Portátil,Electrónica,5,26130.11,130650.55,Ian Benjamin Bravo
1529,2025-01-10,Belgrano,Auriculares Bluetooth,Electrónica,4,17849.48,71397.92,Mia Quiroga
2458,2025-01-10,Palermo,Cargador USB-C,Electrónica,3,6804.75,20414.25,Sr(a). Delfina Torres
1598,2025-01-10,Palermo,Cargador USB-C,Electrónica,3,6267.27,18801.81,Sr(a). Simon Campos
2382,2025-01-10,Nuñez,Set de Vasos,Hogar,2,7684.19,15368.38,Thiago Thiago Ezequiel Gimenez Perez
2537,2025-01-11,Palermo,Auriculares Bluetooth,Electrónica,2,18052.23,36104.46,Dr(a). Santino Castillo
1848,2025-01-11,Nuñez,Cargador USB-C,Electrónica,2,6433.17,12866.34,Delfina Sara Aguirre Gomez
874,2025-01-11,Palermo,Campera de Abrigo,Indumentaria,4,32550.71,130202.84,Sr(a). Benjamin Gonzalez
1952,2025-01-11,Nuñez,Juego de Sábanas,Hogar,3,14943.61,44830.83,Lucio Alma Castro Lopez
146,2025-01-11,Belgrano,Juego de Sábanas,Hogar,3,14340.83,43022.49,Mia Rivero Martinez
1966,2025-01-11,Belgrano,Remera Básica,Indumentaria,5,9077.06,45385.3,Dr(a). Guillermina Medina
1171,2025-01-11,Nuñez,Campera de Abrigo,Indumentaria,1,30664.44,30664.44,Lisandro Valentina Gonzalez Vega
2111,2025-01-11,Belgrano,Juego de Sábanas,Hogar,3,14450.89,43352.67,Thiago Gutierrez Soto
2179,2025-01-12,Nuñez,Parlante Portátil,Electrónica,3,25957.55,77872.65,Dante Jeremias Rodriguez
1896,2025-01-12,Nuñez,Botella Térmica,Deportes,1,9918.62,9918.62,Ezequiel Sosa
745,2025-01-12,Nuñez,Pelota de Fútbol,Deportes,4,12554.09,50216.36,Juan Ignacio Isabella Vargas
1832,2025-01-12,Palermo,Campera de Abrigo,Indumentaria,2,31829.39,63658.78,Santino Agustina Lopez
2660,2025-01-12,Belgrano,Remera Básica,Indumentaria,4,8609.9,34439.6,Alma Rivero Benitez
1785,2025-01-13,Belgrano,Parlante Portátil,Electrónica,2,25310.08,50620.16,Emilia Santiago Romero
832,2025-01-13,Belgrano,Pelota de Fútbol,Deportes,5,12248.56,61242.8,Bautista Paloma Ruiz
1589,2025-01-14,Palermo,Campera de Abrigo,Indumentaria,5,33227.24,166136.2,Valentin Bustos Gonzalez
1221,2025-01-15,Nuñez,Auriculares Bluetooth,Electrónica,3,17478.06,52434.18,Thiago Nahuel Fernandez
2085,2025-01-15,Nuñez,Botella Térmica,Deportes,5,9525.84,47629.2,Maximiliano Vazquez
2874,2025-01-15,Belgrano,Cargador USB-C,Electrónica,1,6764.17,6764.17,Sr(a). Oriana Ortiz
1859,2025-01-16,Nuñez,Campera de Abrigo,Indumentaria,4,32491.6,129966.4,Sr(a). Gino Pereyra
991,2025-01-16,Belgrano,Juego de Sábanas,Hogar,5,14781.71,73908.55,Violeta Roldan
841,2025-01-16,Palermo,Botella Térmica,Deportes,3,9851.36,29554.08,Lara Agostina Perez
2289,2025-01-17,Belgrano,Campera de Abrigo,Indumentaria,1,32125.12,32125.12,Dr(a). Juan Cruz Rodriguez
2893,2025-01-17,Belgrano,Parlante Portátil,Electrónica,5,24729.48,123647.4,Martina Campos
1900,2025-01-17,Belgrano,Juego de Sábanas,Hogar,4,14350.23,57400.92,Santiago Augusto Morales Cordoba
1909,2025-01-17,Palermo,Auriculares Bluetooth,Electrónica,5,18605.47,93027.35,Maria Luz Godoy Leiva
1128,2025-01-17,Belgrano,Remera Básica,Indumentaria,3,9126.94,27380.82,Thiago Benjamin Fernandez Ferreyra
2390,2025-01-17,Belgrano,Cargador USB-C,Electrónica,1,6213.3,6213.3,Bautista Alma Juarez Diaz
2776,2025-01-18,Nuñez,Auriculares Bluetooth,Electrónica,4,17883.41,71533.64,Dr(a). Thiago Flores
455,2025-01-18,Nuñez,Botella Térmica,Deportes,5,10109.05,50545.25,Matias Perez Ferreyra
523,2025-01-18,Nuñez,Auriculares Bluetooth,Electrónica,5,17902.0,89510.0,Alma Valentina Flores Vazquez
1921,2025-01-18,Palermo,Remera Básica,Indumentaria,4,9195.34,36781.36,Gael Gutierrez Martinez
1404,2025-01-18,Belgrano,Cargador USB-C,Electrónica,1,6775.31,6775.31,Pilar Lourdes Guzman
1064,2025-01-18,Palermo,Cargador USB-C,Electrónica,4,6291.35,25165.4,Sr(a). Mateo Soto
201,2025-01-18,Palermo,Campera de Abrigo,Indumentaria,3,33378.64,100135.92,Maximo Julian Aguirre
1608,2025-01-18,Nuñez,Parlante Portátil,Electrónica,4,25370.94,101483.76,Felipe Ruiz Luna
999,2025-01-18,Palermo,Botella Térmica,Deportes,4,9527.98,38111.92,Dr(a). Mia Valentina Rodriguez
318,2025-01-19,Belgrano,Pelota de Fútbol,Deportes,5,12192.81,60964.05,Lorenzo Gomez Benitez
569,2025-01-19,Palermo,Juego de Sábanas,Hogar,3,14863.27,44589.81,Tiziano Olivera
1054,2025-01-19,Nuñez,Remera Básica,Indumentaria,2,9293.48,18586.96,Dante Gomez Gonzalez
2516,2025-01-19,Nuñez,Cargador USB-C,Electrónica,2,6559.11,13118.22,Maria Paz Flores
712,2025-01-19,Belgrano,Auriculares Bluetooth,Electrónica,2,18127.77,36255.54,Alma Mia Lopez
2923,2025-01-19,Nuñez,Campera de Abrigo,Indumentaria,4,33098.37,132393.48,Thiago Valentin Santiago Benjamin Garcia Carrizo
2738,2025-01-19,Palermo,Pelota de Fútbol,Deportes,2,12209.28,24418.56,Emma Nuñez Hernandez
1503,2025-01-19,Palermo,Cargador USB-C,Electrónica,1,6280.36,6280.36,Mateo Malena Ortiz Nuñez
193,2025-01-20,Nuñez,Parlante Portátil,Electrónica,2,25828.36,51656.72,Santino Gabriel Lopez
1954,2025-01-21,Palermo,Auriculares Bluetooth,Electrónica,3,17929.39,53788.17,Olivia Maia Gomez
2648,2025-01-21,Palermo,Remera Básica,Indumentaria,2,8655.15,17310.3,Juan Cruz Juan Pablo Gomez Sosa
1123,2025-01-21,Belgrano,Remera Básica,Indumentaria,4,8930.43,35721.72,Lautaro Ezequiel Maximo Acosta Lopez
1863,2025-01-21,Palermo,Parlante Portátil,Electrónica,4,24831.22,99324.88,Catalina Rojas
2376,2025-01-21,Palermo,Campera de Abrigo,Indumentaria,5,31157.59,155787.95,Emilia Torres Gomez
2072,2025-01-22,Belgrano,Parlante Portátil,Electrónica,3,23837.82,71513.46,Juan Bautista Ponce
6,2025-01-22,Palermo,Botella Térmica,Deportes,3,10329.4,30988.2,Alejo Fernandez Flores
101,2025-01-24,Nuñez,Juego de Sábanas,Hogar,4,14696.03,58784.12,Dr(a). Vicente Romero
1267,2025-01-24,Nuñez,Botella Térmica,Deportes,3,10146.65,30439.95,Bautista Gabriel Velazquez
2291,2025-01-24,Nuñez,Pelota de Fútbol,Deportes,3,12114.82,36344.46,Valentina Benjamin Dominguez
1935,2025-01-24,Belgrano,Pelota de Fútbol,Deportes,3,11646.15,34938.45,Dr(a). Santiago Fernandez
1886,2025-01-24,Palermo,Pelota de Fútbol,Deportes,4,12310.86,49243.44,Ludmila Muñoz Franco
74,2025-01-24,Nuñez,Auriculares Bluetooth,Electrónica,3,17637.5,52912.5,Maria Emilia Fernandez Garcia
173,2025-01-24,Palermo,Parlante Portátil,Electrónica,2,25000.66,50001.32,Bautista Morales
690,2025-01-24,Nuñez,Botella Térmica,Deportes,2,10412.25,20824.5,Fausto Helena Farias Dominguez
8,2025-01-24,Palermo,Juego de Sábanas,Hogar,3,14493.98,43481.94,Benicio Romero Perez
2059,2025-01-24,Palermo,Remera Básica,Indumentaria,2,9351.23,18702.46,Lara Garcia
1792,2025-01-24,Belgrano,Auriculares Bluetooth,Electrónica,4,17784.03,71136.12,Julieta Diaz
1759,2025-01-24,Belgrano,Auriculares Bluetooth,Electrónica,3,18010.07,54030.21,Dr(a). Benicio Nuñez
300,2025-01-24,Nuñez,Juego de Sábanas,Hogar,3,14712.63,44137.89,Benjamin Tiziana Ortiz Ruiz
605,2025-01-25,Belgrano,Botella Térmica,Deportes,4,10131.71,40526.84,León Vargas
1747,2025-01-25,Palermo,Auriculares Bluetooth,Electrónica,1,18763.76,18763.76,Juan Ignacio Morena Benitez
598,2025-01-25,Palermo,Juego de Sábanas,Hogar,2,14959.48,29918.96,Guadalupe Leiva Muñoz
1080,2025-01-25,Palermo,Auriculares Bluetooth,Electrónica,4,17214.68,68858.72,Benjamin Ezequiel Campos Hernandez
1117,2025-01-25,Nuñez,Juego de Sábanas,Hogar,2,14913.54,29827.08,Felicitas Pilar Ponce Paez
2318,2025-01-25,Nuñez,Juego de Sábanas,Hogar,1,14740.99,14740.99,Dr(a). Matias Peralta
122,2025-01-25,Palermo,Campera de Abrigo,Indumentaria,2,31985.05,63970.1,Luz Milagros Martinez Romero
1158,2025-01-25,Nuñez,Cargador USB-C,Electrónica,5,6803.06,34015.3,Malena Milo Pereyra
946,2025-01-25,Belgrano,Set de Vasos,Hogar,3,7742.41,23227.23,Dr(a). Ramiro Ayala
462,2025-01-25,Nuñez,Juego de Sábanas,Hogar,4,14331.09,57324.36,Lucia Gutierrez Castro
1725,2025-01-25,Belgrano,Campera de Abrigo,Indumentaria,2,33111.25,66222.5,Josefina Jeronimo Coronel
2811,2025-01-26,Palermo,Parlante Portátil,Electrónica,4,24398.95,97595.8,Ignacio Ramos
1430,2025-01-26,Palermo,Cargador USB-C,Electrónica,1,6320.89,6320.89,Morena Soria Cabrera
283,2025-01-26,Nuñez,Parlante Portátil,Electrónica,4,24689.11,98756.44,Juan Cruz Fernandez Fernandez
196,2025-01-26,Belgrano,Juego de Sábanas,Hogar,4,15699.4,62797.6,Jazmín Romero Ledesma
1631,2025-01-26,Palermo,Remera Básica,Indumentaria,5,9215.12,46075.6,Ana Paula Sosa
672,2025-01-26,Nuñez,Cargador USB-C,Electrónica,5,6742.26,33711.3,Benjamin Soria
652,2025-01-26,Belgrano,Auriculares Bluetooth,Electrónica,5,17174.13,85870.65,Juan Sebastian Santino Rivero
2741,2025-01-26,Nuñez,Remera Básica,Indumentaria,1,8645.67,8645.67,Maria Guadalupe Mendez Cardozo
2879,2025-01-27,Belgrano,Campera de Abrigo,Indumentaria,2,32643.9,65287.8,Emma Sofia Gomez
1931,2025-01-27,Palermo,Juego de Sábanas,Hogar,5,14276.16,71380.8,Jeremias Amparo Gonzalez Gutierrez
2981,2025-01-27,Nuñez,Remera Básica,Indumentaria,2,8817.17,17634.34,Felipe Luciana Fernandez Cabrera
724,2025-01-27,Palermo,Auriculares Bluetooth,Electrónica,4,17805.45,71221.8,Maria Paz Manuel Arias
2052,2025-01-28,Palermo,Parlante Portátil,Electrónica,5,25024.24,125121.2,Juan Bautista Federico Gonzalez
2511,2025-01-29,Palermo,Cargador USB-C,Electrónica,1,6505.67,6505.67,Benjamin Malena Perez
1594,2025-01-29,Nuñez,Auriculares Bluetooth,Electrónica,4,18823.63,75294.52,Sr(a). Juan Bautista Rodriguez
1709,2025-01-29,Palermo,Campera de Abrigo,Indumentaria,3,32362.94,97088.82,Sr(a). Jeronimo Garcia
2796,2025-01-29,Palermo,Campera de Abrigo,Indumentaria,1,31048.43,31048.43,Camila Garcia
1744,2025-01-29,Belgrano,Auriculares Bluetooth,Electrónica,5,17194.38,85971.9,Catalina Perez
1151,2025-01-29,Nuñez,Cargador USB-C,Electrónica,2,6637.76,13275.52,Benjamin Delfina Flores
2119,2025-01-30,Palermo,Cargador USB-C,Electrónica,4,6222.24,24888.96,Lucas Ezequiel Campos Correa
1800,2025-01-31,Palermo,Juego de Sábanas,Hogar,5,14538.96,72694.8,Martin Vargas Cabrera
678,2025-01-31,Nuñez,Pelota de Fútbol,Deportes,2,11596.54,23193.08,Benjamin Herrera Fernandez
2141,2025-01-31,Belgrano,Campera de Abrigo,Indumentaria,1,30659.89,30659.89,Milo Lourdes Maidana Fernandez
440,2025-02-01,Palermo,Cargador USB-C,Electrónica,5,6386.98,31934.9,Dr(a). Emilia Gonzalez
1770,2025-02-01,Belgrano,Campera de Abrigo,Indumentaria,3,31443.24,94329.72,Luciana Rodriguez
913,2025-02-01,Nuñez,Cargador USB-C,Electrónica,4,6777.88,27111.52,Sr(a). Ema Carrizo
2606,2025-02-01,Belgrano,Pelota de Fútbol,Deportes,3,12534.88,37604.64,Isabella Martinez Gonzalez
2408,2025-02-01,Palermo,Cargador USB-C,Electrónica,1,6267.51,6267.51,Constantino Leiva Mendez
414,2025-02-01,Palermo,Auriculares Bluetooth,Electrónica,2,17416.98,34833.96,Juan Ignacio Sanchez Rodriguez
765,2025-02-01,Belgrano,Auriculares Bluetooth,Electrónica,1,17564.83,17564.83,Joaquin Mia Cordoba
2605,2025-02-01,Palermo,Auriculares Bluetooth,Electrónica,5,18748.02,93740.1,Zoe Flores
1905,2025-02-01,Palermo,Cargador USB-C,Electrónica,5,6733.15,33665.75,Sr(a). Bautista Fernandez
320,2025-02-02,Nuñez,Parlante Portátil,Electrónica,1,23978.8,23978.8,Thiago Valentin Delfina Vargas Rodriguez
1192,2025-02-02,Belgrano,Parlante Portátil,Electrónica,5,25129.18,125645.9,Santiago Pereyra
1741,2025-02-02,Belgrano,Cargador USB-C,Electrónica,3,6676.05,20028.15,Juan Cruz Ojeda
2047,2025-02-02,Palermo,Parlante Portátil,Electrónica,2,24974.78,49949.56,Sr(a). Valentina Gomez
2604,2025-02-02,Belgrano,Remera Básica,Indumentaria,3,9225.07,27675.21,Santino Justina Ojeda
1208,2025-02-02,Belgrano,Parlante Portátil,Electrónica,1,25731.78,25731.78,Dr(a). Franco Diaz
627,2025-02-02,Belgrano,Juego de Sábanas,Hogar,3,15654.32,46962.96,Alexander Thiago Nicolas Gutierrez
778,2025-02-02,Belgrano,Juego de Sábanas,Hogar,5,15215.11,76075.55,Olivia Abril Garcia
2908,2025-02-02,Palermo,Set de Vasos,Hogar,3,7693.04,23079.12,Dr(a). Valentina Romero
2051,2025-02-03,Belgrano,Juego de Sábanas,Hogar,4,14580.85,58323.4,Dr(a). Olivia Godoy
32,2025-02-03,Palermo,Campera de Abrigo,Indumentaria,4,31312.8,125251.2,Maite Bianca Diaz Torres
2099,2025-02-03,Nuñez,Set de Vasos,Hogar,3,8206.13,24618.39,Benjamin Mateo Aguirre Gomez
1012,2025-02-03,Belgrano,Auriculares Bluetooth,Electrónica,2,17843.08,35686.16,Mia Morena Nicolas Molina
1902,2025-02-04,Belgrano,Parlante Portátil,Electrónica,1,25025.49,25025.49,Morena Federico Juarez Gonzalez
2904,2025-02-04,Palermo,Botella Térmica,Deportes,5,10213.23,51066.15,Felipe Romero Maidana
1390,2025-02-04,Belgrano,Botella Térmica,Deportes,1,9799.92,9799.92,Dr(a). Valentin Rodriguez
2496,2025-02-04,Nuñez,Parlante Portátil,Electrónica,1,25252.33,25252.33,Morena Jazmin Gonzalo Paez Martin
1085,2025-02-04,Belgrano,Remera Básica,Indumentaria,1,8666.22,8666.22,Amparo Francisco Sanchez
2766,2025-02-04,Palermo,Set de Vasos,Hogar,5,7877.32,39386.6,Martina Gonzalez Acuña
1036,2025-02-05,Palermo,Remera Básica,Indumentaria,1,9342.09,9342.09,Agustina Lola Martin
1164,2025-02-05,Palermo,Remera Básica,Indumentaria,2,9441.96,18883.92,Maria Victoria Camila Martinez Martin
2551,2025-02-05,Palermo,Remera Básica,Indumentaria,5,8853.64,44268.2,Pilar Gonzalez Sosa
2093,2025-02-05,Palermo,Auriculares Bluetooth,Electrónica,5,17323.68,86618.4,Camila Nuñez
546,2025-02-05,Belgrano,Parlante Portátil,Electrónica,5,25583.07,127915.35,Sr(a). Camila Martinez
969,2025-02-05,Belgrano,Juego de Sábanas,Hogar,1,14404.0,14404.0,Sr(a). Maia Fernandez
1358,2025-02-06,Belgrano,Campera de Abrigo,Indumentaria,3,31984.55,95953.65,Sr(a). Manuel Valdez
1850,2025-02-06,Palermo,Campera de Abrigo,Indumentaria,3,31845.28,95535.84,Santino Nicolas Vargas
1338,2025-02-06,Belgrano,Botella Térmica,Deportes,4,9993.34,39973.36,Victoria Benjamin Rios
1383,2025-02-06,Palermo,Set de Vasos,Hogar,1,7970.25,7970.25,Julian Acosta
2782,2025-02-07,Belgrano,Parlante Portátil,Electrónica,1,25023.47,25023.47,Ignacio Alma Valentina Bravo Gomez
840,2025-02-07,Nuñez,Cargador USB-C,Electrónica,3,6567.06,19701.18,Elena Fausto Diaz
2191,2025-02-07,Palermo,Remera Básica,Indumentaria,3,8814.28,26442.84,Nahiara Jazmin Fernandez
1969,2025-02-07,Palermo,Juego de Sábanas,Hogar,1,14704.37,14704.37,Sr(a). Sofia Escobar
681,2025-02-07,Belgrano,Campera de Abrigo,Indumentaria,5,32300.18,161500.9,Francisco Gomez Cordoba
138,2025-02-08,Nuñez,Set de Vasos,Hogar,5,7698.87,38494.35,Lautaro Ezequiel Rodriguez Moyano
1877,2025-02-08,Nuñez,Remera Básica,Indumentaria,4,8747.16,34988.64,Julieta Lola Rodriguez
1436,2025-02-08,Nuñez,Juego de Sábanas,Hogar,3,14792.54,44377.62,Vicente Perez Quiroga
1955,2025-02-08,Nuñez,Pelota de Fútbol,Deportes,4,12466.55,49866.2,Julieta Emma Correa
408,2025-02-08,Nuñez,Campera de Abrigo,Indumentaria,4,32586.28,130345.12,Luz Milagros Dylan Godoy
2530,2025-02-09,Belgrano,Botella Térmica,Deportes,5,10165.38,50826.9,Faustino Maria Victoria Suarez Martinez
1874,2025-02-09,Nuñez,Parlante Portátil,Electrónica,4,25951.81,103807.24,Valentin Lola Suarez Ramirez
1567,2025-02-09,Nuñez,Auriculares Bluetooth,Electrónica,1,18062.97,18062.97,Dr(a). Clara Ortiz
2714,2025-02-09,Palermo,Remera Básica,Indumentaria,3,9258.77,27776.31,Maria Paz Lisandro Nuñez
2631,2025-02-09,Palermo,Set de Vasos,Hogar,5,7603.08,38015.4,Santino Aguirre Martinez
1980,2025-02-09,Belgrano,Remera Básica,Indumentaria,4,8937.1,35748.4,Valentina Thiago Valentin Vazquez Farias
1095,2025-02-10,Palermo,Campera de Abrigo,Indumentaria,3,30766.98,92300.94,Morena Lucas Ezequiel Escobar Aguero
646,2025-02-10,Nuñez,Remera Básica,Indumentaria,1,9434.66,9434.66,Pilar Rodriguez
2006,2025-02-10,Palermo,Pelota de Fútbol,Deportes,1,12550.36,12550.36,Francesca Barrios Diaz
2238,2025-02-11,Palermo,Cargador USB-C,Electrónica,2,6650.64,13301.28,Benjamin Cruz
363,2025-02-11,Belgrano,Remera Básica,Indumentaria,4,9292.36,37169.44,Isabella Gimenez
2299,2025-02-11,Nuñez,Remera Básica,Indumentaria,1,9346.29,9346.29,Benjamin Mateo Lopez Ruiz
1506,2025-02-12,Belgrano,Botella Térmica,Deportes,1,9935.48,9935.48,Federico Gonzalez
2512,2025-02-12,Nuñez,Set de Vasos,Hogar,4,8125.48,32501.92,Antonella Acosta
2934,2025-02-13,Belgrano,Botella Térmica,Deportes,3,10298.82,30896.46,Agustín Castro Romero
66,2025-02-13,Belgrano,Campera de Abrigo,Indumentaria,1,33256.51,33256.51,Dr(a). Lucas Benjamin Diaz
2637,2025-02-13,Belgrano,Auriculares Bluetooth,Electrónica,5,18723.12,93615.6,Juan Ignacio Cabrera
729,2025-02-14,Belgrano,Botella Térmica,Deportes,2,10120.87,20241.74,Renzo Fernandez Garcia
1545,2025-02-14,Nuñez,Pelota de Fútbol,Deportes,2,12315.81,24631.62,Sr(a). Julieta Ruiz
2531,2025-02-14,Belgrano,Campera de Abrigo,Indumentaria,4,32297.87,129191.48,Martina Gonzalez Peralta
1282,2025-02-14,Palermo,Pelota de Fútbol,Deportes,5,12500.57,62502.85,Juan Manuel Rodriguez
1266,2025-02-14,Belgrano,Parlante Portátil,Electrónica,2,24730.73,49461.46,Maria Guadalupe Delfina Carrizo Diaz
1898,2025-02-14,Belgrano,Cargador USB-C,Electrónica,2,6764.3,13528.6,Malena Maidana Acosta
2877,2025-02-14,Palermo,Juego de Sábanas,Hogar,4,15532.46,62129.84,Camila Medina
2311,2025-02-14,Belgrano,Set de Vasos,Hogar,1,8328.01,8328.01,Lucía Juan Ignacio Paz Gomez
1748,2025-02-15,Palermo,Auriculares Bluetooth,Electrónica,2,18177.75,36355.5,Florencia Juan Martin Sosa Gomez
2936,2025-02-15,Belgrano,Auriculares Bluetooth,Electrónica,4,17153.53,68614.12,Facundo Valentin Fernandez Nuñez
2175,2025-02-15,Palermo,Pelota de Fútbol,Deportes,4,11635.19,46540.76,Dr(a). Bautista Miranda
1769,2025-02-15,Palermo,Botella Térmica,Deportes,3,9708.1,29124.3,Dr(a). Helena Soto
245,2025-02-15,Nuñez,Remera Básica,Indumentaria,1,8585.02,8585.02,Julian Agostina Muñoz
1043,2025-02-15,Belgrano,Set de Vasos,Hogar,4,7786.49,31145.96,Santino Sofia Mendez
379,2025-02-15,Nuñez,Campera de Abrigo,Indumentaria,5,32120.5,160602.5,Lautaro Romero Moreno
1646,2025-02-15,Nuñez,Botella Térmica,Deportes,1,10123.69,10123.69,Sr(a). Lucio Silva
1811,2025-02-16,Palermo,Parlante Portátil,Electrónica,4,24880.44,99521.76,Juan David Simon Vazquez Vera
2271,2025-02-16,Nuñez,Juego de Sábanas,Hogar,4,15632.95,62531.8,Nicolas Perez
2503,2025-02-16,Nuñez,Parlante Portátil,Electrónica,3,24856.54,74569.62,Pilar Alma Correa
2753,2025-02-16,Belgrano,Botella Térmica,Deportes,5,9611.23,48056.15,Dr(a). Luciano Gonzalez
1499,2025-02-16,Palermo,Cargador USB-C,Electrónica,4,6515.21,26060.84,Julia Suarez
2619,2025-02-16,Nuñez,Cargador USB-C,Electrónica,4,6243.09,24972.36,Sofia Belen Juana Gomez
1335,2025-02-16,Belgrano,Pelota de Fútbol,Deportes,5,12501.64,62508.2,Benjamin Matilda Godoy Diaz
519,2025-02-17,Nuñez,Botella Térmica,Deportes,2,10383.4,20766.8,Miguel Angel Matilda Chavez
1938,2025-02-17,Palermo,Campera de Abrigo,Indumentaria,3,31530.45,94591.35,Juan Martin Juana Valdez Gutierrez
2054,2025-02-17,Belgrano,Botella Térmica,Deportes,5,10457.15,52285.75,Matilda Rios
1736,2025-02-17,Palermo,Pelota de Fútbol,Deportes,1,12499.93,12499.93,Amparo Paez
470,2025-02-17,Palermo,Juego de Sábanas,Hogar,2,15340.75,30681.5,Ivan Luciana Garcia Garcia
1976,2025-02-18,Belgrano,Set de Vasos,Hogar,5,7840.27,39201.35,Simon Thiago Benjamin Rodriguez
2989,2025-02-18,Nuñez,Pelota de Fútbol,Deportes,1,11995.44,11995.44,Valentina  Rodriguez Martinez
1851,2025-02-19,Nuñez,Pelota de Fútbol,Deportes,1,11449.99,11449.99,Miguel Angel Miranda
2471,2025-02-19,Belgrano,Botella Térmica,Deportes,3,9869.79,29609.37,Pedro Santiago Martinez Diaz
2303,2025-02-20,Palermo,Campera de Abrigo,Indumentaria,5,30800.18,154000.9,Sr(a). Olivia Gonzalez
2091,2025-02-20,Belgrano,Parlante Portátil,Electrónica,4,25255.26,101021.04,Juan Martin Oriana Mansilla
399,2025-02-20,Belgrano,Pelota de Fútbol,Deportes,3,12557.56,37672.68,Santino Agustin Torres
1034,2025-02-20,Nuñez,Campera de Abrigo,Indumentaria,5,31893.08,159465.4,Sr(a). Valentino Gutierrez
27,2025-02-20,Belgrano,Juego de Sábanas,Hogar,1,15238.47,15238.47,Julia Valdez
1455,2025-02-21,Nuñez,Juego de Sábanas,Hogar,2,15158.32,30316.64,Luz Maria Rios
1216,2025-02-21,Belgrano,Auriculares Bluetooth,Electrónica,2,17499.2,34998.4,Felicitas Franco Valdez
528,2025-02-21,Nuñez,Set de Vasos,Hogar,4,7946.42,31785.68,Juan Bautista Emilia Maldonado
2309,2025-02-21,Nuñez,Juego de Sábanas,Hogar,2,14962.67,29925.34,Augusto Sanchez
2969,2025-02-21,Nuñez,Pelota de Fútbol,Deportes,1,11555.22,11555.22,Guadalupe Vera Gutierrez
1878,2025-02-21,Nuñez,Remera Básica,Indumentaria,1,8753.23,8753.23,Sr(a). Sofia Belen Fernandez
2064,2025-02-22,Nuñez,Auriculares Bluetooth,Electrónica,3,18257.43,54772.29,Bautista Aguirre Moyano
1439,2025-02-22,Palermo,Botella Térmica,Deportes,1,9776.45,9776.45,Juan Pablo Gonzalez Moyano
1484,2025-02-22,Nuñez,Set de Vasos,Hogar,3,7809.28,23427.84,Juan Cruz Gomez Ponce
2164,2025-02-22,Nuñez,Parlante Portátil,Electrónica,2,25181.06,50362.12,Mia Faustino Morales Ruiz
1772,2025-02-22,Nuñez,Juego de Sábanas,Hogar,3,14570.27,43710.81,Alma Mia Sofia Moreno
1583,2025-02-22,Nuñez,Campera de Abrigo,Indumentaria,2,31738.18,63476.36,Dr(a). Joaquin Sanchez
910,2025-02-22,Belgrano,Set de Vasos,Hogar,5,7644.74,38223.7,Jazmin Pilar Paez
112,2025-02-22,Belgrano,Pelota de Fútbol,Deportes,1,12429.28,12429.28,Morena Martinez
1141,2025-02-22,Belgrano,Juego de Sábanas,Hogar,5,14413.79,72068.95,Manuel Lopez Cruz
1327,2025-02-23,Nuñez,Set de Vasos,Hogar,5,7881.8,39409.0,Ian Ezequiel Simon Gonzalez
846,2025-02-23,Palermo,Cargador USB-C,Electrónica,3,6444.43,19333.29,Julieta Gutierrez
1946,2025-02-23,Palermo,Parlante Portátil,Electrónica,5,23916.95,119584.75,Juliana Valentin Diaz
429,2025-02-23,Belgrano,Cargador USB-C,Electrónica,5,6347.42,31737.1,Sofia Juarez
1203,2025-02-24,Nuñez,Cargador USB-C,Electrónica,4,6179.49,24717.96,Lautaro Nahuel Luna Gutierrez
1587,2025-02-24,Belgrano,Campera de Abrigo,Indumentaria,1,32380.4,32380.4,Benjamin Suarez Benitez
306,2025-02-26,Palermo,Auriculares Bluetooth,Electrónica,2,17222.34,34444.68,Pilar Benitez
679,2025-02-26,Palermo,Juego de Sábanas,Hogar,2,15386.66,30773.32,Maximo Tomàs Gonzalez
903,2025-02-26,Palermo,Parlante Portátil,Electrónica,3,25365.11,76095.33,Luisina Perez
2481,2025-02-26,Belgrano,Cargador USB-C,Electrónica,4,6321.9,25287.6,Mia Valentina Mendez Olivera
1316,2025-02-27,Palermo,Parlante Portátil,Electrónica,1,24275.74,24275.74,Thiago Gabriel Jazmin Herrera Gonzalez
608,2025-02-27,Belgrano,Campera de Abrigo,Indumentaria,1,30800.13,30800.13,Sr(a). Benjamin Alejandro Medina
1901,2025-02-27,Nuñez,Parlante Portátil,Electrónica,1,24330.62,24330.62,Francisco Morena Torres
2947,2025-02-28,Palermo,Botella Térmica,Deportes,1,9886.36,9886.36,Carmela Joaquin Garcia
120,2025-02-28,Nuñez,Botella Térmica,Deportes,5,9767.17,48835.85,Giuliana Victoria Ramos
1116,2025-02-28,Nuñez,Auriculares Bluetooth,Electrónica,3,18450.99,55352.97,Sr(a). Giovanni Garcia
200,2025-02-28,Palermo,Remera Básica,Indumentaria,5,8886.57,44432.85,Milagros Molina Ramirez
1713,2025-02-28,Nuñez,Auriculares Bluetooth,Electrónica,5,17446.03,87230.15,Martin Camila Diaz Alvarez
2933,2025-02-28,Nuñez,Juego de Sábanas,Hogar,2,15294.56,30589.12,Martina Roldan
705,2025-02-28,Nuñez,Cargador USB-C,Electrónica,3,6402.27,19206.81,Tomas Rodriguez
1246,2025-03-01,Palermo,Set de Vasos,Hogar,2,7619.2,15238.4,Dr(a). Nina Morales
1492,2025-03-01,Palermo,Cargador USB-C,Electrónica,5,6568.17,32840.85,Sr(a). Clara Castro
233,2025-03-02,Nuñez,Set de Vasos,Hogar,1,7998.43,7998.43,Sr(a). Mateo Rodriguez
1138,2025-03-02,Nuñez,Campera de Abrigo,Indumentaria,4,30946.03,123784.12,Alma Valentin Gonzalez
1818,2025-03-02,Palermo,Pelota de Fútbol,Deportes,3,12157.81,36473.43,Tomàs Diaz
295,2025-03-02,Belgrano,Parlante Portátil,Electrónica,2,24721.05,49442.1,Francisco Gomez
1629,2025-03-03,Belgrano,Set de Vasos,Hogar,4,7644.25,30577.0,Dr(a). Agustin Roldan
1999,2025-03-03,Belgrano,Pelota de Fútbol,Deportes,1,12157.85,12157.85,Luca Sanchez
1821,2025-03-03,Belgrano,Pelota de Fútbol,Deportes,3,12225.94,36677.82,Martina Romero Muñoz
441,2025-03-05,Nuñez,Set de Vasos,Hogar,2,7718.56,15437.12,Lorenzo Cruz Ojeda
2723,2025-03-05,Palermo,Juego de Sábanas,Hogar,5,15492.66,77463.3,Delfina Lopez
2032,2025-03-06,Belgrano,Auriculares Bluetooth,Electrónica,3,17584.29,52752.87,Genaro Miranda
2821,2025-03-06,Belgrano,Set de Vasos,Hogar,2,7992.47,15984.94,Ivan Rosario Miranda
2041,2025-03-06,Nuñez,Cargador USB-C,Electrónica,5,6498.49,32492.45,Juan Ignacio Diaz
2073,2025-03-06,Nuñez,Parlante Portátil,Electrónica,2,24279.46,48558.92,Tobias Geronimo Gonzalez
1694,2025-03-07,Palermo,Remera Básica,Indumentaria,1,9328.65,9328.65,Benjamin Sofia Sanchez
599,2025-03-07,Palermo,Auriculares Bluetooth,Electrónica,5,18061.17,90305.85,Mia Diaz
891,2025-03-07,Belgrano,Auriculares Bluetooth,Electrónica,4,18158.38,72633.52,Sofia Diaz
2959,2025-03-07,Belgrano,Cargador USB-C,Electrónica,3,6357.4,19072.2,Juan Sebastian Figueroa
1546,2025-03-07,Palermo,Botella Térmica,Deportes,3,10453.98,31361.94,Tomàs Catalina Rodriguez
1255,2025-03-07,Belgrano,Juego de Sábanas,Hogar,2,15304.64,30609.28,Ambar Tiziano Fernandez
2849,2025-03-08,Palermo,Cargador USB-C,Electrónica,1,6467.88,6467.88,Malena Enzo Leiva Sanchez
905,2025-03-08,Palermo,Juego de Sábanas,Hogar,1,14552.99,14552.99,Lara Figueroa
967,2025-03-08,Belgrano,Parlante Portátil,Electrónica,2,26006.04,52012.08,Dr(a). Morena Silva
1354,2025-03-08,Nuñez,Auriculares Bluetooth,Electrónica,2,17824.85,35649.7,Emilia Lautaro Silva
1183,2025-03-08,Palermo,Juego de Sábanas,Hogar,3,14641.01,43923.03,Sofia Suarez Gomez
2317,2025-03-08,Nuñez,Set de Vasos,Hogar,5,8093.93,40469.65,Kiara Juarez Lopez
2647,2025-03-08,Belgrano,Set de Vasos,Hogar,4,8254.8,33019.2,Dr(a). Joaquina Martinez
370,2025-03-08,Palermo,Remera Básica,Indumentaria,4,8613.75,34455.0,Juan Ignacio Emma Godoy Rios
1570,2025-03-08,Belgrano,Cargador USB-C,Electrónica,2,6792.73,13585.46,Felipe Medina Ledesma
1459,2025-03-08,Nuñez,Parlante Portátil,Electrónica,4,25492.32,101969.28,Juan Ignacio Luna Cabrera
596,2025-03-10,Belgrano,Parlante Portátil,Electrónica,3,24662.69,73988.07,Thiago Benjamin Thiago Benjamin Fernandez
870,2025-03-10,Belgrano,Remera Básica,Indumentaria,2,8916.82,17833.64,Martín Vargas
1121,2025-03-10,Palermo,Juego de Sábanas,Hogar,2,14704.65,29409.3,Bautista Romero Sanchez
214,2025-03-10,Nuñez,Cargador USB-C,Electrónica,5,6821.81,34109.05,Santino Ezequiel Acosta
356,2025-03-11,Nuñez,Remera Básica,Indumentaria,2,8817.94,17635.88,Dr(a). Malena Garcia
2076,2025-03-11,Belgrano,Juego de Sábanas,Hogar,4,14668.76,58675.04,Julieta Garcia
1250,2025-03-11,Nuñez,Parlante Portátil,Electrónica,3,25311.9,75935.7,Sr(a). Ciro Silva
2273,2025-03-11,Belgrano,Campera de Abrigo,Indumentaria,3,32405.88,97217.64,Thiago Emanuel Rodriguez Flores
2493,2025-03-11,Palermo,Juego de Sábanas,Hogar,3,14590.06,43770.18,Thiago Benjamin Caceres Gomez
2338,2025-03-11,Nuñez,Parlante Portátil,Electrónica,1,26048.8,26048.8,Olivia Benjamin Soto
216,2025-03-12,Belgrano,Set de Vasos,Hogar,4,7881.24,31524.96,Dr(a). Facundo Sanchez
1215,2025-03-12,Palermo,Juego de Sábanas,Hogar,2,14386.4,28772.8,Juan Pablo Felipe Gimenez Diaz
2567,2025-03-13,Belgrano,Campera de Abrigo,Indumentaria,4,32350.95,129403.8,Clara Thiago Rios
897,2025-03-13,Belgrano,Botella Térmica,Deportes,1,10151.54,10151.54,Florencia Moreno Medina
2515,2025-03-14,Palermo,Set de Vasos,Hogar,5,8346.68,41733.4,Simon Torres Rodriguez
2928,2025-03-14,Nuñez,Auriculares Bluetooth,Electrónica,1,17510.21,17510.21,Dr(a). Ian Benjamin Cabrera
515,2025-03-14,Palermo,Cargador USB-C,Electrónica,3,6259.54,18778.62,Tiziana Barrios
1293,2025-03-14,Palermo,Botella Térmica,Deportes,3,9664.53,28993.59,Sr(a). Emma Molina
2983,2025-03-14,Palermo,Remera Básica,Indumentaria,1,9110.15,9110.15,Maria Victoria Felipe Gonzalez
2198,2025-03-14,Belgrano,Remera Básica,Indumentaria,3,9327.63,27982.89,Nahuel Santiago Benjamin Fernandez Figueroa
384,2025-03-15,Nuñez,Parlante Portátil,Electrónica,1,24407.37,24407.37,Juan Sebastian Molina
2301,2025-03-15,Palermo,Botella Térmica,Deportes,4,10011.7,40046.8,Facundo Mia Valentina Ruiz
2792,2025-03-15,Nuñez,Auriculares Bluetooth,Electrónica,2,17707.25,35414.5,Matilda Mateo Cardozo
1212,2025-03-15,Palermo,Set de Vasos,Hogar,1,8160.92,8160.92,Lautaro Augusto Ramirez Aguero
566,2025-03-15,Palermo,Cargador USB-C,Electrónica,4,6688.21,26752.84,Bastian Pereyra Martinez
1819,2025-03-15,Nuñez,Remera Básica,Indumentaria,5,8666.49,43332.45,Dr(a). Genaro Paez
2403,2025-03-15,Palermo,Campera de Abrigo,Indumentaria,5,32153.45,160767.25,Dr(a). Gael Castro
2371,2025-03-16,Nuñez,Botella Térmica,Deportes,2,9794.2,19588.4,Emma Franco
157,2025-03-16,Nuñez,Botella Térmica,Deportes,1,10352.79,10352.79,Joaquin Delfina Figueroa Romero
337,2025-03-16,Belgrano,Campera de Abrigo,Indumentaria,1,31227.96,31227.96,Renata Romero
2488,2025-03-16,Nuñez,Parlante Portátil,Electrónica,3,24766.84,74300.52,Juan Francisco Martin
1929,2025-03-16,Belgrano,Set de Vasos,Hogar,2,8094.65,16189.3,Sr(a). Facundo Medina
2986,2025-03-16,Belgrano,Campera de Abrigo,Indumentaria,4,30889.39,123557.56,Dr(a). Bruno Alvarez
978,2025-03-16,Belgrano,Cargador USB-C,Electrónica,2,6253.45,12506.9,Juan Cruz Catalina Gomez
1277,2025-03-17,Nuñez,Remera Básica,Indumentaria,4,8765.2,35060.8,Lisandro Gomez Vargas
58,2025-03-17,Belgrano,Juego de Sábanas,Hogar,3,15184.73,45554.19,Emilia Quiroga
1458,2025-03-17,Nuñez,Botella Térmica,Deportes,2,10489.93,20979.86,Sr(a). Miguel Angel Rodriguez
2159,2025-03-17,Palermo,Auriculares Bluetooth,Electrónica,1,17525.71,17525.71,Sofia Luciana Diaz
2474,2025-03-17,Palermo,Campera de Abrigo,Indumentaria,3,30804.71,92414.13,Tiziano Valentin Lucas Alvarez Juarez
2071,2025-03-18,Belgrano,Juego de Sábanas,Hogar,1,15500.43,15500.43,Olivia Herrera
1775,2025-03-18,Nuñez,Campera de Abrigo,Indumentaria,4,30476.27,121905.08,Benjamin Lopez
1022,2025-03-18,Belgrano,Botella Térmica,Deportes,5,10457.42,52287.1,Francesca Bastian Lucero Gonzalez
1908,2025-03-18,Nuñez,Campera de Abrigo,Indumentaria,3,32898.02,98694.06,Dr(a). Thiago Ezequiel Cruz
1979,2025-03-18,Nuñez,Pelota de Fútbol,Deportes,4,12574.03,50296.12,Benicio Molina Romero
2017,2025-03-18,Palermo,Botella Térmica,Deportes,5,10275.86,51379.3,Emma Aguero Perez
1042,2025-03-18,Palermo,Pelota de Fútbol,Deportes,1,12071.11,12071.11,Thiago Gabriel Matias Rodriguez Alvarez
1872,2025-03-18,Belgrano,Campera de Abrigo,Indumentaria,3,33231.27,99693.81,Gonzalo Maria Victoria Aguirre
1961,2025-03-19,Palermo,Juego de Sábanas,Hogar,3,14782.16,44346.48,Paulina Nuñez Roldan
1206,2025-03-20,Palermo,Pelota de Fútbol,Deportes,2,11532.8,23065.6,Martina Sosa Fernandez
1557,2025-03-21,Belgrano,Juego de Sábanas,Hogar,4,15231.07,60924.28,Dr(a). Bautista Campos
2861,2025-03-21,Nuñez,Botella Térmica,Deportes,1,9918.7,9918.7,Valentino Nuñez
1740,2025-03-21,Belgrano,Campera de Abrigo,Indumentaria,4,30476.27,121905.08,Mia Benjamin Valdez Ferreyra
526,2025-03-21,Nuñez,Juego de Sábanas,Hogar,1,15370.34,15370.34,Emma Gonzalez Benitez
1867,2025-03-21,Nuñez,Auriculares Bluetooth,Electrónica,4,18525.53,74102.12,Juan Pablo Garcia Lopez
739,2025-03-21,Belgrano,Campera de Abrigo,Indumentaria,2,31919.59,63839.18,Catalina Cordoba Sanchez
2602,2025-03-21,Palermo,Botella Térmica,Deportes,5,9999.5,49997.5,Vicente Aguirre Peralta
1897,2025-03-22,Belgrano,Auriculares Bluetooth,Electrónica,4,17220.49,68881.96,Giuliana Nina Velazquez
2177,2025-03-22,Belgrano,Botella Térmica,Deportes,2,10337.05,20674.1,Joaquin Juarez Lopez
894,2025-03-22,Belgrano,Set de Vasos,Hogar,1,8272.3,8272.3,Ignacio Gonzalez
1756,2025-03-22,Palermo,Cargador USB-C,Electrónica,4,6654.93,26619.72,Maite Maximo Garcia Gonzalez
2325,2025-03-22,Nuñez,Campera de Abrigo,Indumentaria,1,33024.61,33024.61,Rafael Garcia
111,2025-03-22,Nuñez,Parlante Portátil,Electrónica,4,26172.64,104690.56,Facundo Cruz Silva
2595,2025-03-22,Palermo,Campera de Abrigo,Indumentaria,2,32466.41,64932.82,Victoria Paulina Sanchez
1462,2025-03-22,Nuñez,Campera de Abrigo,Indumentaria,4,32640.36,130561.44,Sr(a). Juan Cruz Soto
57,2025-03-22,Nuñez,Auriculares Bluetooth,Electrónica,5,18336.34,91681.7,Mateo Gonzalez Alvarez
1572,2025-03-23,Palermo,Pelota de Fútbol,Deportes,2,11732.22,23464.44,Isabella Juana Godoy Rodriguez
2747,2025-03-23,Palermo,Parlante Portátil,Electrónica,1,24759.16,24759.16,Dr(a). Juan Pablo Garcia
616,2025-03-23,Palermo,Juego de Sábanas,Hogar,2,15322.41,30644.82,Sr(a). Lucas Moreno
199,2025-03-23,Palermo,Botella Térmica,Deportes,2,10316.7,20633.4,Santino Ezequiel Paz
1311,2025-03-23,Palermo,Campera de Abrigo,Indumentaria,2,32013.62,64027.24,Juan Angel Gabriel Ramirez
194,2025-03-24,Nuñez,Parlante Portátil,Electrónica,3,25440.91,76322.73,Dr(a). Juan Manuel Aguirre
2415,2025-03-24,Palermo,Remera Básica,Indumentaria,4,8639.9,34559.6,Renata Sosa
1097,2025-03-24,Nuñez,Juego de Sábanas,Hogar,3,15512.34,46537.02,Dr(a). Camila Cardozo
2944,2025-03-25,Nuñez,Cargador USB-C,Electrónica,3,6343.0,19029.0,Agustín Vicente Castillo Godoy
181,2025-03-26,Palermo,Remera Básica,Indumentaria,4,9118.25,36473.0,Sr(a). Mateo Ramirez
1056,2025-03-26,Belgrano,Parlante Portátil,Electrónica,5,26031.77,130158.85,Pedro Maria Victoria Perez
936,2025-03-26,Nuñez,Remera Básica,Indumentaria,2,8599.11,17198.22,Sr(a). Thiago Nahuel Acosta
2226,2025-03-26,Nuñez,Pelota de Fútbol,Deportes,1,11797.33,11797.33,Emilia Suarez Perez
123,2025-03-26,Palermo,Auriculares Bluetooth,Electrónica,4,17127.63,68510.52,Sr(a). Valentino Martinez
766,2025-03-27,Palermo,Set de Vasos,Hogar,2,8088.24,16176.48,Uma  Martina Quiroga Duarte
2853,2025-03-27,Palermo,Juego de Sábanas,Hogar,3,15423.78,46271.34,Lautaro Nicolas Joaquin Garcia Quiroga
135,2025-03-27,Belgrano,Auriculares Bluetooth,Electrónica,3,18418.25,55254.75,Joaquin Perez
2566,2025-03-27,Palermo,Juego de Sábanas,Hogar,1,15255.49,15255.49,Matilda Cabrera Sanchez
660,2025-03-28,Belgrano,Parlante Portátil,Electrónica,4,23862.19,95448.76,Valentino Cardozo Ramirez
46,2025-03-28,Palermo,Set de Vasos,Hogar,4,8048.73,32194.92,Dr(a). Emma Herrera
2783,2025-03-28,Nuñez,Campera de Abrigo,Indumentaria,3,32928.34,98785.02,Sofia Thiago Joaquin Luna
836,2025-03-28,Nuñez,Parlante Portátil,Electrónica,1,25579.1,25579.1,Thiago Ezequiel Martinez Aguirre
260,2025-03-28,Belgrano,Cargador USB-C,Electrónica,4,6314.09,25256.36,Julieta Aguirre Gomez
938,2025-03-28,Palermo,Pelota de Fútbol,Deportes,5,11982.24,59911.2,Nicolas Benitez Nuñez
1236,2025-03-28,Palermo,Botella Térmica,Deportes,3,9703.92,29111.76,Thiago Barrios Pereyra
1281,2025-03-28,Palermo,Cargador USB-C,Electrónica,2,6785.89,13571.78,Lucio Juan Ignacio Gomez
2829,2025-03-28,Nuñez,Juego de Sábanas,Hogar,1,15510.8,15510.8,Juan Bautista Benjamin Perez Moreno
1524,2025-03-28,Palermo,Auriculares Bluetooth,Electrónica,2,17110.11,34220.22,Juana Martin Rojas
62,2025-03-28,Belgrano,Remera Básica,Indumentaria,2,9010.06,18020.12,Sr(a). Isabella Gimenez
613,2025-03-28,Nuñez,Pelota de Fútbol,Deportes,4,11711.77,46847.08,Dr(a). Juan Pablo Arias
882,2025-03-29,Nuñez,Set de Vasos,Hogar,1,7741.5,7741.5,Salvador Lopez Torres
1625,2025-03-29,Palermo,Set de Vasos,Hogar,5,8258.05,41290.25,Martina Lopez
69,2025-03-29,Nuñez,Botella Térmica,Deportes,5,9926.74,49633.7,Sr(a). Bautista Diaz
986,2025-03-29,Belgrano,Campera de Abrigo,Indumentaria,1,32696.4,32696.4,Francesca Gomez Gonzalez
611,2025-03-29,Palermo,Cargador USB-C,Electrónica,2,6517.38,13034.76,Emma Milagros Vera Caceres
168,2025-03-29,Belgrano,Cargador USB-C,Electrónica,4,6569.6,26278.4,Benjamin Mateo Benjamin Perez Bravo
2803,2025-03-30,Nuñez,Remera Básica,Indumentaria,1,8974.51,8974.51,Constanza Sofia Gomez Medina
2302,2025-03-30,Palermo,Parlante Portátil,Electrónica,5,24595.04,122975.2,Sr(a). Ian Benjamin Cordoba
716,2025-03-30,Palermo,Remera Básica,Indumentaria,4,9364.46,37457.84,Joaquin Thiago Daniel Gonzalez
873,2025-03-30,Belgrano,Set de Vasos,Hogar,4,7832.47,31329.88,Sebastian Maria Guadalupe Paez
125,2025-03-30,Nuñez,Campera de Abrigo,Indumentaria,3,33290.96,99872.88,Dr(a). Ciro Diaz
723,2025-03-30,Nuñez,Remera Básica,Indumentaria,1,8973.66,8973.66,Guadalupe Valdez
1890,2025-03-31,Nuñez,Auriculares Bluetooth,Electrónica,2,17933.72,35867.44,Alma Malena Juarez Gonzalez
1046,2025-03-31,Nuñez,Cargador USB-C,Electrónica,2,6693.07,13386.14,Sr(a). Catalina Dominguez
1783,2025-03-31,Palermo,Juego de Sábanas,Hogar,1,14453.4,14453.4,Tomas Benjamin Gomez
1237,2025-04-01,Palermo,Campera de Abrigo,Indumentaria,4,31579.65,126318.6,Mateo Emilia Caceres Rios
692,2025-04-01,Nuñez,Set de Vasos,Hogar,2,7694.04,15388.08,Martín Arias Martinez
1016,2025-04-01,Nuñez,Juego de Sábanas,Hogar,5,14555.19,72775.95,Antonella Farias Cordoba
2546,2025-04-01,Nuñez,Auriculares Bluetooth,Electrónica,2,17307.26,34614.52,Lorenzo Medina Martin
996,2025-04-01,Palermo,Cargador USB-C,Electrónica,5,6436.79,32183.95,Delfina Mia Morena Roldan Fernandez
549,2025-04-01,Palermo,Botella Térmica,Deportes,5,10448.71,52243.55,Paulina Sanchez
2478,2025-04-02,Belgrano,Campera de Abrigo,Indumentaria,2,30443.35,60886.7,Isabella Morena Gonzalez
1965,2025-04-04,Palermo,Remera Básica,Indumentaria,5,8964.26,44821.3,Sr(a). Mateo Alvarez
1225,2025-04-04,Nuñez,Set de Vasos,Hogar,1,8328.68,8328.68,Juan Cruz Blanco
2831,2025-04-04,Nuñez,Campera de Abrigo,Indumentaria,3,30835.54,92506.62,Victoria Isabella Silva Gonzalez
2712,2025-04-05,Belgrano,Set de Vasos,Hogar,3,7675.43,23026.29,Maria Guadalupe Thiago Emanuel Morales Villalba
2943,2025-04-05,Nuñez,Remera Básica,Indumentaria,4,9088.93,36355.72,Ciro Matias Sanchez
743,2025-04-05,Nuñez,Pelota de Fútbol,Deportes,2,11622.95,23245.9,Martina Lola Acosta
1996,2025-04-05,Belgrano,Pelota de Fútbol,Deportes,3,12294.34,36883.02,Giovanni Diaz
1326,2025-04-05,Belgrano,Remera Básica,Indumentaria,1,9412.29,9412.29,Delfina Julieta Gomez Caceres
1585,2025-04-05,Belgrano,Pelota de Fútbol,Deportes,2,11880.07,23760.14,Julieta Sofia Chavez
634,2025-04-05,Palermo,Botella Térmica,Deportes,3,10041.61,30124.83,Juan Cruz Facundo Perez Guzman
2358,2025-04-05,Nuñez,Juego de Sábanas,Hogar,2,14607.4,29214.8,Santiago Sofia Soria Martinez
1825,2025-04-05,Palermo,Set de Vasos,Hogar,2,8233.03,16466.06,Emma Octavio Ojeda Velazquez
2199,2025-04-05,Belgrano,Botella Térmica,Deportes,3,9798.65,29395.95,Benjamin Thiago Martin Alvarez
959,2025-04-05,Nuñez,Pelota de Fútbol,Deportes,3,11809.6,35428.8,Lucía  Isabella Villalba Diaz
1562,2025-04-06,Nuñez,Cargador USB-C,Electrónica,4,6637.82,26551.28,Dr(a). Morena Villalba
597,2025-04-06,Belgrano,Campera de Abrigo,Indumentaria,2,33533.67,67067.34,Lorenzo Ciro Suarez
1070,2025-04-06,Belgrano,Remera Básica,Indumentaria,4,8880.76,35523.04,Dr(a). Santiago Vargas
88,2025-04-06,Belgrano,Cargador USB-C,Electrónica,4,6545.4,26181.6,Thiago Benjamin Maia Gomez
790,2025-04-06,Nuñez,Set de Vasos,Hogar,2,8088.43,16176.86,Santino Suarez
2973,2025-04-06,Palermo,Botella Térmica,Deportes,3,10416.36,31249.08,Ian Ezequiel Violeta Diaz
687,2025-04-06,Palermo,Botella Térmica,Deportes,4,10090.32,40361.28,Valentino Gomez Ojeda
184,2025-04-06,Belgrano,Juego de Sábanas,Hogar,3,15723.58,47170.74,Sr(a). Pedro Molina
2731,2025-04-07,Nuñez,Auriculares Bluetooth,Electrónica,1,17296.48,17296.48,Tomàs Benitez Perez
223,2025-04-07,Palermo,Parlante Portátil,Electrónica,4,26243.16,104972.64,Joaquín Ramirez Ferreyra
686,2025-04-07,Nuñez,Auriculares Bluetooth,Electrónica,5,17303.71,86518.55,Candela Rodriguez
620,2025-04-08,Nuñez,Pelota de Fútbol,Deportes,5,11990.4,59952.0,Sr(a). Tomàs Ruiz
2389,2025-04-08,Palermo,Botella Térmica,Deportes,2,10493.69,20987.38,Camilo Diaz
2020,2025-04-08,Palermo,Auriculares Bluetooth,Electrónica,5,17739.76,88698.8,Jeronimo Rodriguez Gomez
2075,2025-04-08,Nuñez,Botella Térmica,Deportes,5,10032.85,50164.25,Mia Felipe Ojeda Perez
2266,2025-04-08,Belgrano,Auriculares Bluetooth,Electrónica,1,17931.5,17931.5,Dr(a). Catalina Gomez
1457,2025-04-09,Nuñez,Parlante Portátil,Electrónica,1,24796.56,24796.56,Florencia Paz Gomez
2151,2025-04-09,Palermo,Juego de Sábanas,Hogar,2,15681.29,31362.58,Jazmín Ian Benjamin Garcia
2709,2025-04-09,Nuñez,Remera Básica,Indumentaria,4,8660.96,34643.84,Benicio Ruiz
2463,2025-04-09,Belgrano,Campera de Abrigo,Indumentaria,2,31633.09,63266.18,Valentina Sofia Farias
800,2025-04-10,Palermo,Campera de Abrigo,Indumentaria,3,30836.49,92509.47,Isabella Benjamin Rodriguez
147,2025-04-10,Palermo,Set de Vasos,Hogar,2,8113.36,16226.72,Mia Jazmin Juan Martin Gomez Velazquez
1084,2025-04-10,Belgrano,Juego de Sábanas,Hogar,5,14266.57,71332.85,Jazmin Perez Alvarez
725,2025-04-11,Nuñez,Pelota de Fútbol,Deportes,4,11964.66,47858.64,Benjamin Renata Martinez
385,2025-04-11,Belgrano,Cargador USB-C,Electrónica,1,6499.75,6499.75,Martina Lara Garcia Guzman
997,2025-04-11,Nuñez,Botella Térmica,Deportes,2,10444.07,20888.14,Delfina Miguel Angel Diaz
2433,2025-04-12,Belgrano,Campera de Abrigo,Indumentaria,5,32180.75,160903.75,Santiago Moreno
484,2025-04-12,Belgrano,Campera de Abrigo,Indumentaria,4,32607.69,130430.76,Santiago Cardozo
365,2025-04-12,Belgrano,Parlante Portátil,Electrónica,4,24255.8,97023.2,Isabel Giuliana Ferreyra Arias
1656,2025-04-12,Nuñez,Remera Básica,Indumentaria,4,9273.07,37092.28,Dr(a). Lucas Benjamin Ojeda
448,2025-04-12,Palermo,Juego de Sábanas,Hogar,3,15306.95,45920.85,Martina Vera Cordoba
1088,2025-04-12,Palermo,Pelota de Fútbol,Deportes,3,11869.31,35607.93,Sr(a). Agustin Sosa
1184,2025-04-12,Belgrano,Parlante Portátil,Electrónica,3,25441.31,76323.93,Dr(a). Milagros Pereyra
1615,2025-04-12,Nuñez,Parlante Portátil,Electrónica,5,24414.41,122072.05,Camilo Santino Martinez
2378,2025-04-12,Belgrano,Pelota de Fútbol,Deportes,1,12205.16,12205.16,Paulina Simon Blanco Acuña
2019,2025-04-13,Nuñez,Cargador USB-C,Electrónica,3,6304.42,18913.26,Nahuel Renata Coronel
2678,2025-04-13,Belgrano,Set de Vasos,Hogar,4,7736.56,30946.24,Isabella Thiago Agustin Perez
499,2025-04-13,Belgrano,Cargador USB-C,Electrónica,5,6262.51,31312.55,Dr(a). Ciro Molina
354,2025-04-13,Palermo,Set de Vasos,Hogar,4,8039.78,32159.12,Francisco Martinez
463,2025-04-13,Palermo,Parlante Portátil,Electrónica,2,25697.35,51394.7,Bruno Sanchez
39,2025-04-13,Palermo,Campera de Abrigo,Indumentaria,1,30429.81,30429.81,Dr(a). Ciro Benjamin Soria
211,2025-04-13,Nuñez,Cargador USB-C,Electrónica,2,6203.47,12406.94,Santino Ezequiel Victoria Caceres
1397,2025-04-14,Palermo,Remera Básica,Indumentaria,2,8871.97,17743.94,Dr(a). Isabella Herrera
1087,2025-04-14,Palermo,Pelota de Fútbol,Deportes,1,12589.3,12589.3,Camila Cardozo Romero
2852,2025-04-14,Palermo,Juego de Sábanas,Hogar,3,14815.1,44445.3,Tiziano Renata Miranda
1493,2025-04-14,Palermo,Parlante Portátil,Electrónica,3,26173.16,78519.48,Catalina Jazmín Aguirre
2386,2025-04-15,Belgrano,Remera Básica,Indumentaria,2,8800.6,17601.2,Delfina Hernandez Carrizo
454,2025-04-15,Belgrano,Set de Vasos,Hogar,4,7841.72,31366.88,Dr(a). Violeta Muñoz
1548,2025-04-16,Palermo,Botella Térmica,Deportes,2,9700.41,19400.82,Santiago Catalina Roldan Peralta
304,2025-04-16,Belgrano,Juego de Sábanas,Hogar,3,14503.9,43511.7,Sr(a). Lautaro Nicolas Fernandez
1258,2025-04-16,Belgrano,Parlante Portátil,Electrónica,5,26179.55,130897.75,Thiago Daniel Sanchez
2234,2025-04-16,Palermo,Remera Básica,Indumentaria,2,9408.68,18817.36,Felipe Ferreyra Martinez
2827,2025-04-16,Palermo,Cargador USB-C,Electrónica,5,6476.5,32382.5,Santiago Sosa Diaz
2730,2025-04-17,Palermo,Auriculares Bluetooth,Electrónica,4,17261.06,69044.24,Juana Gomez
77,2025-04-17,Palermo,Auriculares Bluetooth,Electrónica,3,17782.39,53347.17,Milena Gonzalez
2664,2025-04-17,Palermo,Set de Vasos,Hogar,5,7840.22,39201.1,Dr(a). Mateo Alvarez
685,2025-04-17,Belgrano,Set de Vasos,Hogar,3,8090.51,24271.53,Joaquín Lucía Fernandez Ramirez
923,2025-04-18,Palermo,Juego de Sábanas,Hogar,2,14324.67,28649.34,Thiago Valentin Gonzalez
2682,2025-04-18,Palermo,Pelota de Fútbol,Deportes,3,12300.74,36902.22,Juan Cruz Thiago Paz
344,2025-04-18,Nuñez,Juego de Sábanas,Hogar,4,15194.64,60778.56,Valentina  Milena Ponce
1094,2025-04-18,Palermo,Botella Térmica,Deportes,4,9881.16,39524.64,Sr(a). Thiago Leonel Torres
2416,2025-04-19,Nuñez,Pelota de Fútbol,Deportes,1,12516.9,12516.9,Dr(a). Bruno Coronel
2839,2025-04-19,Nuñez,Auriculares Bluetooth,Electrónica,3,17719.67,53159.01,Alfonsina Mateo Velazquez Muñoz
848,2025-04-19,Belgrano,Campera de Abrigo,Indumentaria,1,30892.88,30892.88,Lucas Mia Garcia Castillo
2279,2025-04-19,Palermo,Cargador USB-C,Electrónica,1,6703.88,6703.88,Dr(a). Sofia Gonzalez
952,2025-04-19,Belgrano,Botella Térmica,Deportes,2,10430.67,20861.34,Maximo Gonzalez Fernandez
285,2025-04-19,Nuñez,Parlante Portátil,Electrónica,5,24810.32,124051.6,Facundo Sofía Gomez Quiroga
2021,2025-04-19,Nuñez,Remera Básica,Indumentaria,1,9085.18,9085.18,Renata Mateo Diaz Gonzalez
449,2025-04-20,Belgrano,Set de Vasos,Hogar,1,8144.94,8144.94,Dr(a). Felipe Escobar
1564,2025-04-20,Palermo,Set de Vasos,Hogar,1,8294.32,8294.32,Juan Ignacio Carrizo
2153,2025-04-20,Palermo,Botella Térmica,Deportes,2,10178.03,20356.06,Juan Sebastian Navarro
547,2025-04-20,Palermo,Set de Vasos,Hogar,1,7917.43,7917.43,Octavio Olivia Rojas Sosa
1307,2025-04-20,Palermo,Cargador USB-C,Electrónica,4,6179.94,24719.76,Maximo Morales
1287,2025-04-21,Belgrano,Remera Básica,Indumentaria,2,9208.6,18417.2,Ciro Sanchez Vazquez
2560,2025-04-21,Palermo,Set de Vasos,Hogar,1,7841.68,7841.68,Ciro Sofia Sanchez
1718,2025-04-21,Palermo,Botella Térmica,Deportes,1,9960.24,9960.24,Julieta Ruiz
871,2025-04-22,Palermo,Remera Básica,Indumentaria,2,8996.23,17992.46,Mora Juan Manuel Ruiz
1438,2025-04-22,Belgrano,Remera Básica,Indumentaria,3,8982.19,26946.57,Jazmin Ruiz
901,2025-04-23,Palermo,Pelota de Fútbol,Deportes,5,12370.72,61853.6,Benicio Simon Rios Lucero
2924,2025-04-23,Belgrano,Remera Básica,Indumentaria,4,9229.52,36918.08,Dr(a). Nahuel Peralta
1153,2025-04-23,Nuñez,Set de Vasos,Hogar,4,8364.04,33456.16,Ignacio Mansilla Duarte
2826,2025-04-24,Belgrano,Remera Básica,Indumentaria,3,8608.19,25824.57,Olivia Joaquin Cardozo
269,2025-04-24,Nuñez,Parlante Portátil,Electrónica,1,24576.71,24576.71,Isabella Romero Olivera
2804,2025-04-24,Nuñez,Pelota de Fútbol,Deportes,4,11526.94,46107.76,Isabella Herrera Fernandez
203,2025-04-25,Nuñez,Parlante Portátil,Electrónica,1,26014.64,26014.64,Sr(a). Dylan Benitez
1888,2025-04-25,Belgrano,Cargador USB-C,Electrónica,3,6534.21,19602.63,Lautaro Nicolas Rosario Godoy Chavez
748,2025-04-25,Belgrano,Auriculares Bluetooth,Electrónica,3,17857.83,53573.49,Máximo Diaz Moreno
1782,2025-04-25,Palermo,Campera de Abrigo,Indumentaria,3,32607.88,97823.64,Ciro Sanchez Rodriguez
937,2025-04-26,Palermo,Parlante Portátil,Electrónica,4,24841.07,99364.28,Sr(a). Ciro Benjamin Gonzalez
2441,2025-04-26,Nuñez,Pelota de Fútbol,Deportes,1,11858.06,11858.06,Dr(a). Benjamin Ponce
2101,2025-04-26,Palermo,Set de Vasos,Hogar,4,8233.68,32934.72,Joaquin Torres
1204,2025-04-26,Palermo,Set de Vasos,Hogar,3,7891.6,23674.8,Benjamin Dylan Benjamin Diaz Sanchez
1914,2025-04-26,Belgrano,Remera Básica,Indumentaria,4,9231.68,36926.72,Julia Sanchez
2237,2025-04-26,Palermo,Botella Térmica,Deportes,5,9999.87,49999.35,Mateo Sosa
968,2025-04-27,Belgrano,Pelota de Fútbol,Deportes,4,12102.27,48409.08,Bautista Lucia Pereyra Campos
662,2025-04-27,Belgrano,Parlante Portátil,Electrónica,2,25600.03,51200.06,Valentina Luz Milagros Rivero
2656,2025-04-28,Nuñez,Cargador USB-C,Electrónica,2,6586.65,13173.3,Morena Jazmin Alvarez Gonzalez
263,2025-04-28,Belgrano,Campera de Abrigo,Indumentaria,2,30416.58,60833.16,Ambar Miranda
282,2025-04-28,Nuñez,Cargador USB-C,Electrónica,4,6291.99,25167.96,Morena Bustos Rodriguez
1362,2025-04-28,Nuñez,Parlante Portátil,Electrónica,1,25168.17,25168.17,Dr(a). Juan Ignacio Luna
1290,2025-04-29,Palermo,Campera de Abrigo,Indumentaria,2,33177.67,66355.34,Malena Mendez Molina
1517,2025-04-29,Nuñez,Set de Vasos,Hogar,1,8226.69,8226.69,Pilar Pereyra
1510,2025-04-30,Palermo,Parlante Portátil,Electrónica,4,24198.06,96792.24,Agustina Bustos Torres
250,2025-04-30,Nuñez,Auriculares Bluetooth,Electrónica,5,18139.74,90698.7,Nahiara Garcia
2399,2025-04-30,Belgrano,Set de Vasos,Hogar,3,8248.75,24746.25,Sr(a). Valentina  Perez
1168,2025-04-30,Belgrano,Parlante Portátil,Electrónica,1,24043.37,24043.37,Constanza Sol Gomez
1081,2025-05-01,Palermo,Campera de Abrigo,Indumentaria,5,33478.2,167391.0,Dr(a). Juliana Martin
1542,2025-05-01,Nuñez,Cargador USB-C,Electrónica,5,6384.94,31924.7,Faustino Zoe Toledo Carrizo
2272,2025-05-01,Belgrano,Campera de Abrigo,Indumentaria,1,33535.43,33535.43,Dr(a). Kiara Acosta
756,2025-05-02,Belgrano,Pelota de Fútbol,Deportes,5,11680.39,58401.95,Ciro Santino Benjamin Figueroa
1393,2025-05-02,Palermo,Botella Térmica,Deportes,3,10167.54,30502.62,Sr(a). Florencia Rojas
2833,2025-05-02,Belgrano,Botella Térmica,Deportes,2,9858.13,19716.26,Joaquin Cardozo
789,2025-05-02,Nuñez,Cargador USB-C,Electrónica,2,6268.01,12536.02,Justina Sosa
878,2025-05-02,Belgrano,Campera de Abrigo,Indumentaria,4,33560.07,134240.28,Dr(a). Lorenzo Castillo
1025,2025-05-02,Nuñez,Auriculares Bluetooth,Electrónica,1,18310.87,18310.87,Sr(a). Agustina Torres
2513,2025-05-02,Palermo,Campera de Abrigo,Indumentaria,3,31204.57,93613.71,Juan Ignacio Nicolas Sosa Diaz
1684,2025-05-02,Belgrano,Botella Térmica,Deportes,2,10221.55,20443.1,Dylan Avila
1667,2025-05-02,Palermo,Cargador USB-C,Electrónica,4,6731.49,26925.96,Josefina Garcia Rodriguez
264,2025-05-02,Palermo,Botella Térmica,Deportes,2,10255.91,20511.82,Dr(a). Luisana Garcia
1551,2025-05-03,Palermo,Remera Básica,Indumentaria,1,8973.72,8973.72,Thiago Agustin Pedro Alvarez
2113,2025-05-03,Nuñez,Campera de Abrigo,Indumentaria,1,32276.98,32276.98,Thiago Ezequiel Alma Sanchez Martinez
466,2025-05-03,Belgrano,Campera de Abrigo,Indumentaria,1,32108.1,32108.1,Nahiara Jazmin Lautaro Nahuel Vazquez
1817,2025-05-03,Nuñez,Remera Básica,Indumentaria,2,8761.64,17523.28,Benjamin Victoria Pereyra Ayala
962,2025-05-03,Nuñez,Parlante Portátil,Electrónica,4,25921.95,103687.8,Juana Joaquin Castillo
1836,2025-05-03,Nuñez,Remera Básica,Indumentaria,3,9298.62,27895.86,Salvador Gutierrez
1962,2025-05-03,Nuñez,Botella Térmica,Deportes,4,9567.76,38271.04,Francesco Ignacio Rodriguez Arias
1607,2025-05-03,Belgrano,Botella Térmica,Deportes,2,10472.4,20944.8,Maximo Peralta
1418,2025-05-04,Belgrano,Remera Básica,Indumentaria,2,8569.3,17138.6,Sr(a). Maximo Peralta
1669,2025-05-04,Palermo,Set de Vasos,Hogar,5,7757.03,38785.15,Camila Mansilla Mansilla
2332,2025-05-04,Belgrano,Pelota de Fútbol,Deportes,4,11772.74,47090.96,Federico Francisco Gonzalez
2649,2025-05-04,Nuñez,Remera Básica,Indumentaria,4,9241.31,36965.24,Lucia Rios
2306,2025-05-06,Belgrano,Set de Vasos,Hogar,5,7956.14,39780.7,Sr(a). Sol Gonzalez
2010,2025-05-06,Palermo,Campera de Abrigo,Indumentaria,2,33379.46,66758.92,Tomàs Antonia Juarez
1210,2025-05-06,Belgrano,Auriculares Bluetooth,Electrónica,4,17248.71,68994.84,Sr(a). Mia Garcia
251,2025-05-06,Nuñez,Auriculares Bluetooth,Electrónica,5,18494.29,92471.45,Luciana Valentin Rodriguez Navarro
1420,2025-05-08,Nuñez,Auriculares Bluetooth,Electrónica,4,18351.79,73407.16,Benjamin Gomez Gomez
585,2025-05-08,Palermo,Pelota de Fútbol,Deportes,1,11859.21,11859.21,Lorenzo Peralta
562,2025-05-08,Belgrano,Juego de Sábanas,Hogar,4,15151.26,60605.04,Benjamin Rojas
1111,2025-05-08,Nuñez,Remera Básica,Indumentaria,1,9097.68,9097.68,Santino Lopez
709,2025-05-08,Palermo,Auriculares Bluetooth,Electrónica,4,18705.7,74822.8,Thiago Nahuel Gonzalez Cordoba
1124,2025-05-08,Palermo,Campera de Abrigo,Indumentaria,4,31767.67,127070.68,Juan Ignacio Martinez Martinez
2184,2025-05-09,Palermo,Remera Básica,Indumentaria,3,8900.17,26700.51,Dr(a). Sofía Gutierrez
1495,2025-05-09,Belgrano,Botella Térmica,Deportes,5,10006.59,50032.95,Abril Martinez
975,2025-05-09,Nuñez,Cargador USB-C,Electrónica,2,6276.6,12553.2,Olivia Violeta Gomez Perez
650,2025-05-09,Palermo,Juego de Sábanas,Hogar,5,15479.27,77396.35,Thiago Benjamin Molina Olivera
2640,2025-05-09,Belgrano,Auriculares Bluetooth,Electrónica,5,18091.92,90459.6,Sr(a). Dylan Ezequiel Gonzalez
131,2025-05-09,Nuñez,Set de Vasos,Hogar,4,8057.54,32230.16,Martina Romero
341,2025-05-09,Nuñez,Juego de Sábanas,Hogar,1,14907.25,14907.25,Catalina Antonella Avila Sanchez
234,2025-05-09,Belgrano,Botella Térmica,Deportes,4,9797.43,39189.72,Ana Paula Martinez
2995,2025-05-09,Palermo,Remera Básica,Indumentaria,2,9327.49,18654.98,Victoria Soto Farias
1166,2025-05-09,Nuñez,Pelota de Fútbol,Deportes,2,11651.72,23303.44,Valentina Gimenez Castillo
1345,2025-05-09,Nuñez,Pelota de Fútbol,Deportes,3,12319.44,36958.32,Mora Sanchez
256,2025-05-10,Nuñez,Set de Vasos,Hogar,2,7823.21,15646.42,Amparo Herrera Rios
1454,2025-05-10,Nuñez,Remera Básica,Indumentaria,4,9257.67,37030.68,Martina Fernandez Ferreyra
828,2025-05-10,Palermo,Set de Vasos,Hogar,3,8215.8,24647.4,Valentino Martin Acosta
571,2025-05-10,Nuñez,Remera Básica,Indumentaria,3,9069.89,27209.67,Catalina Alvarez Castro
411,2025-05-11,Palermo,Botella Térmica,Deportes,5,10002.39,50011.95,Valentin Lautaro Nahuel Fernandez Cruz
1096,2025-05-11,Belgrano,Parlante Portátil,Electrónica,1,25121.07,25121.07,Joaquin Coronel
751,2025-05-11,Belgrano,Auriculares Bluetooth,Electrónica,5,17238.35,86191.75,Dr(a). Gael Ruiz
116,2025-05-11,Nuñez,Pelota de Fútbol,Deportes,5,12359.18,61795.9,Facundo Figueroa Carrizo
2281,2025-05-11,Palermo,Parlante Portátil,Electrónica,1,24962.55,24962.55,Dr(a). Juan Bautista Muñoz
2577,2025-05-12,Palermo,Parlante Portátil,Electrónica,2,24878.42,49756.84,Benjamin Juarez Gomez
788,2025-05-13,Palermo,Parlante Portátil,Electrónica,1,24198.53,24198.53,León Cruz
33,2025-05-13,Nuñez,Botella Térmica,Deportes,3,9717.7,29153.1,Juan Pablo Santiago Benjamin Pereyra
1371,2025-05-13,Belgrano,Parlante Portátil,Electrónica,3,23788.98,71366.94,Clara Cabrera Gutierrez
1347,2025-05-14,Palermo,Campera de Abrigo,Indumentaria,2,33004.79,66009.58,Tiziano Gomez
2569,2025-05-14,Palermo,Cargador USB-C,Electrónica,1,6315.91,6315.91,Lola Benjamin Cordoba
2298,2025-05-14,Palermo,Juego de Sábanas,Hogar,5,15087.28,75436.4,Santiago Morena Ojeda
1750,2025-05-14,Belgrano,Auriculares Bluetooth,Electrónica,1,18227.77,18227.77,Dr(a). Catalina Flores
308,2025-05-14,Nuñez,Pelota de Fútbol,Deportes,5,12061.97,60309.85,Dr(a). Bruno Sanchez
486,2025-05-14,Palermo,Parlante Portátil,Electrónica,4,24851.72,99406.88,Emilia Juan Sebastian Molina Aguirre
1752,2025-05-15,Palermo,Cargador USB-C,Electrónica,5,6387.8,31939.0,Renzo Amparo Moreno Vera
1063,2025-05-15,Nuñez,Auriculares Bluetooth,Electrónica,1,18512.4,18512.4,Santino Bianca Caceres
1794,2025-05-15,Belgrano,Botella Térmica,Deportes,1,10413.36,10413.36,Joaquin Alma Mia Gimenez
1925,2025-05-16,Nuñez,Campera de Abrigo,Indumentaria,4,31798.95,127195.8,Sofia Belen Rodriguez Figueroa
2843,2025-05-16,Nuñez,Remera Básica,Indumentaria,1,9421.84,9421.84,Dr(a). Joaquin Cardozo
2187,2025-05-16,Nuñez,Auriculares Bluetooth,Electrónica,4,18809.24,75236.96,Sr(a). Mia Garcia
950,2025-05-16,Palermo,Botella Térmica,Deportes,4,9976.44,39905.76,Amparo Escobar
351,2025-05-16,Nuñez,Parlante Portátil,Electrónica,2,24536.45,49072.9,Ludmila Milo Correa
680,2025-05-16,Palermo,Cargador USB-C,Electrónica,4,6751.93,27007.72,Augusto Constantino Flores Fernandez
592,2025-05-17,Nuñez,Pelota de Fútbol,Deportes,5,11736.32,58681.6,Sr(a). Matias Caceres
771,2025-05-17,Belgrano,Campera de Abrigo,Indumentaria,4,33100.96,132403.84,Micaela Alma Lopez
1721,2025-05-17,Nuñez,Set de Vasos,Hogar,2,8388.97,16777.94,Catalina Paloma Benitez
915,2025-05-18,Nuñez,Remera Básica,Indumentaria,4,9383.85,37535.4,Jazmin Antonella Moreno
1220,2025-05-18,Belgrano,Parlante Portátil,Electrónica,3,24028.82,72086.46,Thiago Benjamin Ruiz
1856,2025-05-18,Belgrano,Parlante Portátil,Electrónica,5,24463.36,122316.8,Abril Moreno
1137,2025-05-18,Palermo,Remera Básica,Indumentaria,1,9246.37,9246.37,Guadalupe Thiago Benjamin Sanchez Gonzalez
2267,2025-05-18,Belgrano,Juego de Sábanas,Hogar,4,14512.47,58049.88,Sr(a). Martina Martin
1643,2025-05-18,Palermo,Campera de Abrigo,Indumentaria,3,32430.0,97290.0,Guadalupe Lorenzo Aguirre Farias
352,2025-05-18,Nuñez,Pelota de Fútbol,Deportes,4,11986.44,47945.76,Joaquín Martina Torres
767,2025-05-18,Nuñez,Parlante Portátil,Electrónica,5,25671.77,128358.85,Sr(a). Lucas Lopez
1157,2025-05-18,Nuñez,Botella Térmica,Deportes,3,10371.94,31115.82,Emma Toledo
1118,2025-05-18,Palermo,Auriculares Bluetooth,Electrónica,2,17193.79,34387.58,Mora Medina
99,2025-05-18,Belgrano,Cargador USB-C,Electrónica,1,6273.62,6273.62,Sr(a). Guadalupe Rodriguez
2060,2025-05-19,Palermo,Remera Básica,Indumentaria,5,8564.79,42823.95,Francisco Ponce Romero
2107,2025-05-19,Nuñez,Pelota de Fútbol,Deportes,4,12172.83,48691.32,Juan Ignacio Rodriguez
2887,2025-05-19,Belgrano,Botella Térmica,Deportes,4,10134.05,40536.2,Pilar Thiago Nicolas Nuñez Diaz
2427,2025-05-20,Palermo,Auriculares Bluetooth,Electrónica,4,17663.59,70654.36,Benjamin Torres
2857,2025-05-20,Palermo,Juego de Sábanas,Hogar,1,14490.1,14490.1,Sr(a). Priscila Benitez
225,2025-05-20,Palermo,Parlante Portátil,Electrónica,5,25180.69,125903.45,Dr(a). Lara Roldan
1500,2025-05-20,Palermo,Juego de Sábanas,Hogar,3,15360.77,46082.31,Facundo Martinez Castro
1972,2025-05-20,Belgrano,Juego de Sábanas,Hogar,4,15467.53,61870.12,Nicolas Valentino Rodriguez Acosta
1416,2025-05-20,Palermo,Auriculares Bluetooth,Electrónica,5,18727.78,93638.9,Victoria Benjamin Ezequiel Perez Nuñez
1787,2025-05-21,Belgrano,Cargador USB-C,Electrónica,5,6446.53,32232.65,Dr(a). Valentino Garcia
1163,2025-05-21,Belgrano,Cargador USB-C,Electrónica,4,6213.23,24852.92,Juan Cruz Lopez
1052,2025-05-22,Palermo,Pelota de Fútbol,Deportes,1,12166.52,12166.52,Nahuel Catalina Luna
2734,2025-05-22,Nuñez,Set de Vasos,Hogar,2,8037.73,16075.46,Bianca Victoria Morales
1238,2025-05-22,Palermo,Pelota de Fútbol,Deportes,2,12378.72,24757.44,Valentin Leiva Rodriguez
267,2025-05-22,Belgrano,Auriculares Bluetooth,Electrónica,3,18678.14,56034.42,León Santino Agustin Paz
1624,2025-05-22,Belgrano,Botella Térmica,Deportes,1,10260.44,10260.44,Josefina Torres
292,2025-05-22,Nuñez,Parlante Portátil,Electrónica,3,26103.97,78311.91,Valentina  Renata Hernandez Acuña
809,2025-05-22,Belgrano,Cargador USB-C,Electrónica,5,6664.5,33322.5,Dr(a). Franco Martinez
1879,2025-05-22,Palermo,Pelota de Fútbol,Deportes,1,12233.92,12233.92,Sr(a). Sofia Belen Rojas
1387,2025-05-22,Palermo,Botella Térmica,Deportes,2,9800.89,19601.78,Dr(a). Martina Gonzalez
893,2025-05-23,Belgrano,Juego de Sábanas,Hogar,3,14499.94,43499.82,Martina Guillermina Diaz
1895,2025-05-23,Belgrano,Auriculares Bluetooth,Electrónica,4,17136.97,68547.88,Felicitas Sosa
2166,2025-05-23,Belgrano,Cargador USB-C,Electrónica,4,6511.88,26047.52,Sr(a). Jeremias Torres
2517,2025-05-23,Nuñez,Pelota de Fútbol,Deportes,2,11472.24,22944.48,Santiago Joaquin Perez Cabrera
2258,2025-05-23,Belgrano,Remera Básica,Indumentaria,4,8881.71,35526.84,Mia Valentina Sanchez
1476,2025-05-23,Nuñez,Parlante Portátil,Electrónica,2,25336.93,50673.86,Victoria Santiago Figueroa
2519,2025-05-23,Palermo,Auriculares Bluetooth,Electrónica,1,17369.41,17369.41,Rafael Delfina Rodriguez
213,2025-05-24,Belgrano,Remera Básica,Indumentaria,5,8790.05,43950.25,Tobias Emilia Garcia Nuñez
1734,2025-05-24,Palermo,Parlante Portátil,Electrónica,2,26243.35,52486.7,Sr(a). Maria Victoria Valdez
1705,2025-05-24,Nuñez,Remera Básica,Indumentaria,4,8731.93,34927.72,Mateo Tiziano Gonzalez Pereyra
1254,2025-05-24,Nuñez,Campera de Abrigo,Indumentaria,4,32103.92,128415.68,Sr(a). Pedro Bustos
301,2025-05-24,Nuñez,Remera Básica,Indumentaria,4,9235.47,36941.88,Thiago Nicolas Emanuel Gomez
1366,2025-05-24,Belgrano,Parlante Portátil,Electrónica,5,25602.53,128012.65,Catalina Maldonado Paez
2225,2025-05-25,Belgrano,Set de Vasos,Hogar,1,7744.37,7744.37,Uma  Valentina Rojas Vazquez
1577,2025-05-25,Palermo,Botella Térmica,Deportes,2,10172.99,20345.98,Renata Ayala
2651,2025-05-25,Belgrano,Auriculares Bluetooth,Electrónica,4,17646.43,70585.72,Thiago Nicolas Sofia Torres Maldonado
1957,2025-05-26,Belgrano,Botella Térmica,Deportes,1,9706.89,9706.89,Enzo Rodriguez
877,2025-05-26,Palermo,Campera de Abrigo,Indumentaria,5,32299.68,161498.4,Juana Garcia Ojeda
2424,2025-05-27,Belgrano,Pelota de Fútbol,Deportes,2,12259.99,24519.98,Nicolas Gomez
2809,2025-05-27,Belgrano,Botella Térmica,Deportes,2,10151.33,20302.66,Sebastian Garcia Perez
670,2025-05-28,Belgrano,Auriculares Bluetooth,Electrónica,1,18226.43,18226.43,Sr(a). Tiziano Suarez
2000,2025-05-28,Nuñez,Remera Básica,Indumentaria,2,8849.27,17698.54,Santino Nicolas Gonzalez
2277,2025-05-28,Palermo,Parlante Portátil,Electrónica,5,24494.07,122470.35,Sr(a). Mateo Cardozo
1530,2025-05-28,Palermo,Auriculares Bluetooth,Electrónica,3,17251.14,51753.42,Dr(a). Malena Ortiz
2817,2025-05-30,Belgrano,Parlante Portátil,Electrónica,1,23775.55,23775.55,Pedro Herrera
2387,2025-05-30,Palermo,Pelota de Fútbol,Deportes,5,12133.23,60666.15,Valentin Santino Benjamin Mendoza Medina
1632,2025-05-30,Nuñez,Juego de Sábanas,Hogar,3,14410.25,43230.75,Juan Cruz Martina Gonzalez Miranda
1273,2025-05-30,Nuñez,Campera de Abrigo,Indumentaria,2,30475.79,60951.58,Lautaro Benjamin Gutierrez Morales
957,2025-05-30,Belgrano,Set de Vasos,Hogar,4,7743.64,30974.56,Maria Emilia Lucas Martinez
1680,2025-05-31,Nuñez,Campera de Abrigo,Indumentaria,5,31023.61,155118.05,Helena Caceres Martinez
2294,2025-05-31,Nuñez,Campera de Abrigo,Indumentaria,4,32251.51,129006.04,Juan Cruz Sofia Morales
2186,2025-05-31,Palermo,Remera Básica,Indumentaria,4,8882.31,35529.24,Julieta Zoe Jazmin Campos
564,2025-05-31,Nuñez,Juego de Sábanas,Hogar,2,15158.27,30316.54,Mateo Benjamin Emilia Gimenez Quiroga
2688,2025-05-31,Nuñez,Remera Básica,Indumentaria,1,9229.09,9229.09,Bianca Fausto Gimenez Nuñez
1830,2025-05-31,Nuñez,Juego de Sábanas,Hogar,4,14884.49,59537.96,Sr(a). Lautaro Garcia
808,2025-05-31,Nuñez,Pelota de Fútbol,Deportes,5,11873.18,59365.9,Maite Maldonado Flores
1152,2025-05-31,Nuñez,Botella Térmica,Deportes,4,10296.82,41187.28,Mateo Joaquin Medina
239,2025-06-01,Palermo,Campera de Abrigo,Indumentaria,2,31088.46,62176.92,Luca Pedro Martinez Farias
395,2025-06-01,Belgrano,Botella Térmica,Deportes,4,9574.83,38299.32,Bautista Godoy Torres
378,2025-06-02,Belgrano,Auriculares Bluetooth,Electrónica,5,18480.8,92404.0,Thiago Nahuel Ponce Romero
885,2025-06-02,Belgrano,Pelota de Fútbol,Deportes,3,11993.63,35980.89,Jeremias Gonzalez Ledesma
973,2025-06-03,Palermo,Pelota de Fútbol,Deportes,3,12506.08,37518.24,Juan Ignacio Sosa Martinez
1613,2025-06-03,Belgrano,Cargador USB-C,Electrónica,5,6800.08,34000.4,Benicio Carrizo
1120,2025-06-03,Palermo,Juego de Sábanas,Hogar,4,14717.19,58868.76,Agustín Silva
1308,2025-06-03,Palermo,Remera Básica,Indumentaria,3,8826.66,26479.98,Micaela Cruz
2801,2025-06-03,Nuñez,Auriculares Bluetooth,Electrónica,5,18266.43,91332.15,Mateo Thiago Agustin Herrera
2288,2025-06-04,Nuñez,Botella Térmica,Deportes,1,10470.51,10470.51,Dr(a). Joaquín Ramirez
2505,2025-06-04,Palermo,Parlante Portátil,Electrónica,1,25635.95,25635.95,Ambar Farias
1463,2025-06-05,Nuñez,Parlante Portátil,Electrónica,1,25233.88,25233.88,Bautista Benjamin Mia Romero
387,2025-06-05,Palermo,Cargador USB-C,Electrónica,1,6333.96,6333.96,Lorenzo Camila Benitez Campos
374,2025-06-05,Nuñez,Set de Vasos,Hogar,4,7836.43,31345.72,Bruno Sosa Moyano
2967,2025-06-06,Nuñez,Set de Vasos,Hogar,1,7881.82,7881.82,Sr(a). Simon Rivero
956,2025-06-06,Palermo,Botella Térmica,Deportes,1,9964.66,9964.66,Mora Peralta Castro
2200,2025-06-06,Palermo,Parlante Portátil,Electrónica,3,25103.37,75310.11,Sofia Belen Gomez Pereyra
1597,2025-06-07,Belgrano,Auriculares Bluetooth,Electrónica,4,17871.46,71485.84,Mateo Valentin Mia Jazmin Herrera
2601,2025-06-07,Palermo,Parlante Portátil,Electrónica,1,25528.07,25528.07,Martina Roldan Fernandez
1112,2025-06-07,Belgrano,Pelota de Fútbol,Deportes,2,12004.1,24008.2,Zoe Valentina Agustin Morales
2950,2025-06-07,Nuñez,Parlante Portátil,Electrónica,1,24249.28,24249.28,Santiago Gonzalez
1855,2025-06-07,Palermo,Set de Vasos,Hogar,1,7773.14,7773.14,Alma Gonzalez
1924,2025-06-07,Nuñez,Pelota de Fútbol,Deportes,2,11718.84,23437.68,Santino Gabriel Alvarez Paez
2671,2025-06-08,Belgrano,Juego de Sábanas,Hogar,5,15096.79,75483.95,Lucía  Suarez Farias
2711,2025-06-08,Palermo,Botella Térmica,Deportes,2,9714.45,19428.9,Salvador Mora Toledo Gonzalez
2381,2025-06-08,Belgrano,Pelota de Fútbol,Deportes,4,11464.07,45856.28,Simon Agustina Morales
322,2025-06-08,Nuñez,Botella Térmica,Deportes,1,9589.62,9589.62,Ian Benjamin Sara Maldonado Martinez
503,2025-06-08,Palermo,Pelota de Fútbol,Deportes,5,12432.85,62164.25,Sr(a). Isabella Molina
1349,2025-06-09,Palermo,Parlante Portátil,Electrónica,4,24219.88,96879.52,Valentin Duarte
2261,2025-06-10,Palermo,Botella Térmica,Deportes,2,9526.65,19053.3,Delfina Agustin Bustos Gomez
2597,2025-06-10,Nuñez,Set de Vasos,Hogar,5,7871.71,39358.55,Thiago Herrera
1988,2025-06-11,Palermo,Set de Vasos,Hogar,5,7779.03,38895.15,Josefina Lopez Vazquez
1410,2025-06-13,Palermo,Cargador USB-C,Electrónica,1,6499.16,6499.16,Agustin Santino Agustin Ayala Martinez
23,2025-06-13,Belgrano,Remera Básica,Indumentaria,2,8752.23,17504.46,Dr(a). Guadalupe Franco
577,2025-06-14,Nuñez,Parlante Portátil,Electrónica,1,25709.9,25709.9,Benjamin Sofia Fernandez Paz
229,2025-06-14,Belgrano,Parlante Portátil,Electrónica,2,24154.92,48309.84,Thiago Valentin Lorenzo Gomez
643,2025-06-15,Nuñez,Auriculares Bluetooth,Electrónica,2,18056.99,36113.98,Santiago Maite Rios
369,2025-06-15,Palermo,Pelota de Fútbol,Deportes,1,11409.68,11409.68,Dr(a). Santino Garcia
254,2025-06-15,Belgrano,Juego de Sábanas,Hogar,3,15747.18,47241.54,Mateo Benjamin Facundo Carrizo Carrizo
246,2025-06-15,Belgrano,Remera Básica,Indumentaria,5,9353.82,46769.1,Lucía Alvaro Moreno
338,2025-06-15,Nuñez,Botella Térmica,Deportes,5,9721.03,48605.15,Sr(a). Francesco Moreno
683,2025-06-15,Palermo,Auriculares Bluetooth,Electrónica,1,18103.86,18103.86,Santino Benjamin Agostina Rodriguez
2230,2025-06-15,Belgrano,Auriculares Bluetooth,Electrónica,5,17889.07,89445.35,Benicio Cabrera Romero
1660,2025-06-15,Palermo,Auriculares Bluetooth,Electrónica,4,18472.12,73888.48,Juan Manuel Farias Perez
2547,2025-06-15,Palermo,Pelota de Fútbol,Deportes,3,12156.36,36469.08,Emilia Faustino Aguirre Castillo
2679,2025-06-16,Belgrano,Remera Básica,Indumentaria,5,9217.71,46088.55,Benjamin Juan Gabriel Roldan Rojas
2213,2025-06-16,Palermo,Auriculares Bluetooth,Electrónica,3,17981.17,53943.51,Bautista Martinez Gomez
518,2025-06-17,Nuñez,Remera Básica,Indumentaria,5,8693.43,43467.15,Samuel Francesca Fernandez
682,2025-06-17,Nuñez,Botella Térmica,Deportes,4,10327.01,41308.04,Josefina Lucero Fernandez
718,2025-06-18,Nuñez,Cargador USB-C,Electrónica,3,6781.02,20343.06,Victoria Bautista Torres Gimenez
2053,2025-06-18,Palermo,Parlante Portátil,Electrónica,1,24429.53,24429.53,Mora Escobar Sanchez
1006,2025-06-18,Nuñez,Auriculares Bluetooth,Electrónica,4,18004.75,72019.0,Victoria Sosa
2677,2025-06-18,Nuñez,Campera de Abrigo,Indumentaria,3,30944.64,92833.92,Clara Gonzalez
2130,2025-06-18,Palermo,Pelota de Fútbol,Deportes,5,12340.24,61701.2,Santino Toledo Gonzalez
2922,2025-06-19,Nuñez,Pelota de Fútbol,Deportes,2,11948.44,23896.88,Dr(a). Delfina Maidana
1614,2025-06-19,Palermo,Botella Térmica,Deportes,3,10297.27,30891.81,Charo Gutierrez
1936,2025-06-20,Belgrano,Pelota de Fútbol,Deportes,1,11998.84,11998.84,Isabella Sanchez Benitez
717,2025-06-20,Palermo,Parlante Portátil,Electrónica,3,24108.24,72324.72,Francisco Martinez
908,2025-06-21,Nuñez,Cargador USB-C,Electrónica,1,6329.75,6329.75,Dr(a). Joaquin Alvarez
1466,2025-06-21,Belgrano,Pelota de Fútbol,Deportes,4,11742.31,46969.24,Sol Morales Torres
1903,2025-06-21,Palermo,Auriculares Bluetooth,Electrónica,5,18054.93,90274.65,Santino Garcia
1398,2025-06-21,Palermo,Botella Térmica,Deportes,1,9674.5,9674.5,Franco Ambar Garcia
2028,2025-06-21,Palermo,Cargador USB-C,Electrónica,1,6410.65,6410.65,Joaquin Benjamin Gomez
2193,2025-06-21,Nuñez,Remera Básica,Indumentaria,4,8952.59,35810.36,Thiago Agustin Lucas Moreno
1363,2025-06-21,Palermo,Set de Vasos,Hogar,2,8220.21,16440.42,Lautaro Benjamin Gael Lopez Moyano
94,2025-06-21,Nuñez,Set de Vasos,Hogar,1,8266.1,8266.1,Luisana Juan Ignacio Valdez Lopez
2092,2025-06-22,Belgrano,Botella Térmica,Deportes,1,9560.71,9560.71,Juan Ignacio Gomez Vera
2744,2025-06-22,Nuñez,Auriculares Bluetooth,Electrónica,4,17565.87,70263.48,Sr(a). Luca Suarez
644,2025-06-22,Palermo,Juego de Sábanas,Hogar,5,15187.99,75939.95,Oriana Pilar Diaz Alvarez
2105,2025-06-22,Palermo,Remera Básica,Indumentaria,3,9345.13,28035.39,Lautaro Nahuel Luna Benitez Avila
1400,2025-06-22,Belgrano,Set de Vasos,Hogar,3,8071.08,24213.24,Sr(a). Mia Jazmin Garcia
925,2025-06-22,Palermo,Cargador USB-C,Electrónica,4,6712.72,26850.88,Ezequiel Arias Soto
2724,2025-06-22,Palermo,Auriculares Bluetooth,Electrónica,4,17487.2,69948.8,Constantino Zoe Blanco Carrizo
1489,2025-06-23,Belgrano,Remera Básica,Indumentaria,4,9262.21,37048.84,Sofia Juan Ignacio Ledesma Rodriguez
192,2025-06-23,Nuñez,Botella Térmica,Deportes,3,10376.39,31129.17,Dante Paulina Lopez Gutierrez
1367,2025-06-23,Belgrano,Campera de Abrigo,Indumentaria,3,33241.58,99724.74,Matilda Dominguez Acosta
1240,2025-06-23,Palermo,Campera de Abrigo,Indumentaria,1,32330.54,32330.54,Joaquina Lara Martinez Alvarez
2373,2025-06-24,Palermo,Pelota de Fútbol,Deportes,4,12069.64,48278.56,Catalina Gonzalez
2039,2025-06-24,Palermo,Campera de Abrigo,Indumentaria,2,31694.47,63388.94,Martina Agustina Maldonado
15,2025-06-25,Nuñez,Campera de Abrigo,Indumentaria,5,33154.5,165772.5,Tomas Lopez Ojeda
2954,2025-06-25,Palermo,Campera de Abrigo,Indumentaria,4,32160.86,128643.44,Benjamin Juan Martin Caceres Alvarez
2125,2025-06-25,Nuñez,Botella Térmica,Deportes,1,9711.96,9711.96,Tiziana Thiago Lionel Caceres
1642,2025-06-25,Palermo,Auriculares Bluetooth,Electrónica,5,17772.25,88861.25,Guillermina Nina Carrizo Lopez
2339,2025-06-25,Palermo,Auriculares Bluetooth,Electrónica,4,17715.87,70863.48,Isabella Santino Nuñez Herrera
1771,2025-06-26,Palermo,Campera de Abrigo,Indumentaria,2,32680.29,65360.58,Benjamin Santino Gonzalez
2050,2025-06-26,Palermo,Set de Vasos,Hogar,4,7878.27,31513.08,Ema Vicente Rodriguez Gonzalez
2958,2025-06-27,Palermo,Campera de Abrigo,Indumentaria,1,31168.34,31168.34,Dante Malena Castillo
166,2025-06-27,Palermo,Auriculares Bluetooth,Electrónica,4,17916.56,71666.24,Lisandro Maria Belen Pereyra Garcia
2695,2025-06-27,Belgrano,Parlante Portátil,Electrónica,4,25643.81,102575.24,Dr(a). Thiago Emanuel Romero
1682,2025-06-27,Nuñez,Botella Térmica,Deportes,2,9600.14,19200.28,Alvaro Ramiro Rojas Martinez
467,2025-06-27,Palermo,Remera Básica,Indumentaria,1,9114.02,9114.02,Helena Pilar Suarez
2693,2025-06-27,Nuñez,Auriculares Bluetooth,Electrónica,5,18535.68,92678.4,Sr(a). Sofía Dominguez
35,2025-06-27,Nuñez,Pelota de Fútbol,Deportes,5,11496.13,57480.65,Emiliano Ludmila Sanchez Rodriguez
2102,2025-06-27,Nuñez,Set de Vasos,Hogar,1,8217.63,8217.63,Sofia Joaquin Duarte
262,2025-06-27,Nuñez,Auriculares Bluetooth,Electrónica,2,17194.48,34388.96,Dr(a). Salvador Ojeda
2001,2025-06-27,Belgrano,Botella Térmica,Deportes,5,10493.63,52468.15,Dr(a). Martina Diaz
2456,2025-06-27,Nuñez,Campera de Abrigo,Indumentaria,1,31243.75,31243.75,Sr(a). Mateo Villalba
2026,2025-06-27,Palermo,Campera de Abrigo,Indumentaria,4,31386.83,125547.32,Catalina Ferreyra Vera
1357,2025-06-28,Palermo,Juego de Sábanas,Hogar,2,15573.9,31147.8,Dr(a). Camila Ramirez
2521,2025-06-28,Belgrano,Campera de Abrigo,Indumentaria,4,31699.15,126796.6,Francisco Ana Paula Vera Ruiz
2352,2025-06-28,Belgrano,Remera Básica,Indumentaria,5,9341.11,46705.55,Joaquin Cardozo
1738,2025-06-28,Nuñez,Remera Básica,Indumentaria,5,9128.88,45644.4,Salvador Oriana Miranda Fernandez
2178,2025-06-28,Belgrano,Parlante Portátil,Electrónica,5,23751.64,118758.2,Dr(a). Juan Gomez
255,2025-06-29,Nuñez,Pelota de Fútbol,Deportes,3,12211.04,36633.12,Dr(a). Gael Acuña
2691,2025-06-29,Palermo,Cargador USB-C,Electrónica,5,6815.09,34075.45,Gino Toledo Ortiz
1100,2025-06-29,Palermo,Parlante Portátil,Electrónica,1,25841.25,25841.25,Facundo Juan Ignacio Gutierrez
1584,2025-06-29,Belgrano,Set de Vasos,Hogar,4,7995.87,31983.48,Delfina Mendez Fernandez
1916,2025-06-29,Belgrano,Pelota de Fútbol,Deportes,1,11701.91,11701.91,Sr(a). Juan Sebastian Martinez
1648,2025-06-29,Nuñez,Juego de Sábanas,Hogar,2,15404.89,30809.78,Dr(a). Pedro Sosa
506,2025-06-30,Nuñez,Campera de Abrigo,Indumentaria,4,32986.58,131946.32,Catalina Gutierrez
76,2025-06-30,Nuñez,Campera de Abrigo,Indumentaria,4,32294.06,129176.24,Juan Bautista Valentina Bustos Rodriguez
2634,2025-06-30,Nuñez,Pelota de Fútbol,Deportes,3,11779.24,35337.72,Mateo Benjamin Candela Castillo
2576,2025-06-30,Nuñez,Remera Básica,Indumentaria,3,9373.37,28120.11,Luciana Rios Diaz
1554,2025-06-30,Belgrano,Remera Básica,Indumentaria,4,9152.89,36611.56,Benjamin Ezequiel Garcia
231,2025-06-30,Nuñez,Set de Vasos,Hogar,2,8073.45,16146.9,Juan Cruz Rodriguez Sosa
961,2025-07-01,Belgrano,Cargador USB-C,Electrónica,4,6250.84,25003.36,Zoe Manuel Juarez Ramos
2781,2025-07-01,Palermo,Campera de Abrigo,Indumentaria,3,32821.96,98465.88,Tomàs Agustin Gomez
1062,2025-07-02,Palermo,Juego de Sábanas,Hogar,2,14741.52,29483.04,Lautaro Ezequiel Acosta Quiroga
830,2025-07-02,Nuñez,Parlante Portátil,Electrónica,2,25848.33,51696.66,Ian Ezequiel Lola Suarez
1486,2025-07-02,Belgrano,Auriculares Bluetooth,Electrónica,1,18806.18,18806.18,Isabella Benitez
587,2025-07-02,Nuñez,Remera Básica,Indumentaria,3,8773.43,26320.29,Luz Milagros Catalina Fernandez
278,2025-07-03,Nuñez,Juego de Sábanas,Hogar,3,15531.73,46595.19,Sr(a). Facundo Diaz
2335,2025-07-03,Palermo,Auriculares Bluetooth,Electrónica,4,18159.86,72639.44,Juana Felipe Roldan
241,2025-07-03,Belgrano,Pelota de Fútbol,Deportes,1,11917.11,11917.11,Franco Silva
346,2025-07-03,Palermo,Juego de Sábanas,Hogar,3,14545.61,43636.83,Benjamin Josefina Duarte Romero
2490,2025-07-03,Nuñez,Auriculares Bluetooth,Electrónica,3,17685.87,53057.61,Isabella Benjamin Gomez
294,2025-07-04,Palermo,Campera de Abrigo,Indumentaria,2,31362.36,62724.72,Juan Martin Lautaro Silva Diaz
2079,2025-07-04,Palermo,Juego de Sábanas,Hogar,3,14748.11,44244.33,Benjamin Gimenez Muñoz
525,2025-07-04,Palermo,Cargador USB-C,Electrónica,1,6312.01,6312.01,Matias Quiroga
40,2025-07-04,Palermo,Cargador USB-C,Electrónica,3,6261.1,18783.3,Luz Milagros Camila Carrizo
1635,2025-07-04,Belgrano,Remera Básica,Indumentaria,3,8649.93,25949.79,Renata Isabella Martinez Martinez
796,2025-07-04,Palermo,Pelota de Fútbol,Deportes,1,11982.07,11982.07,Sofía Lorenzo Rodriguez
2345,2025-07-04,Belgrano,Pelota de Fútbol,Deportes,4,12218.61,48874.44,Emilia Fernandez Lucero
1079,2025-07-04,Nuñez,Campera de Abrigo,Indumentaria,5,30474.37,152371.85,Lautaro Benjamin Gimenez Romero
966,2025-07-05,Nuñez,Campera de Abrigo,Indumentaria,3,32863.11,98589.33,Martina Dylan Luna
604,2025-07-05,Nuñez,Juego de Sábanas,Hogar,3,14782.66,44347.98,León Garcia
1707,2025-07-05,Nuñez,Set de Vasos,Hogar,5,8156.51,40782.55,Luz Milagros Santiago Guzman
2163,2025-07-06,Palermo,Pelota de Fútbol,Deportes,1,12417.69,12417.69,Rosario Juan Ignacio Gutierrez
2639,2025-07-06,Palermo,Cargador USB-C,Electrónica,2,6743.71,13487.42,Salvador Martinez Cardozo
2953,2025-07-06,Nuñez,Botella Térmica,Deportes,1,9954.26,9954.26,Mateo Lucía Castillo
792,2025-07-06,Palermo,Botella Térmica,Deportes,4,10270.33,41081.32,Juana Sanchez Duarte
818,2025-07-06,Palermo,Remera Básica,Indumentaria,4,9213.64,36854.56,Dr(a). Santino Fernandez
1470,2025-07-06,Palermo,Botella Térmica,Deportes,2,9506.67,19013.34,Felipe Victoria Acosta
26,2025-07-06,Palermo,Pelota de Fútbol,Deportes,5,12091.45,60457.25,Sr(a). Olivia Luna
2749,2025-07-07,Belgrano,Juego de Sábanas,Hogar,4,14655.63,58622.52,Ciro Tomàs Martinez Flores
2222,2025-07-07,Nuñez,Remera Básica,Indumentaria,5,9395.73,46978.65,Sr(a). Joaquin Torres
989,2025-07-07,Nuñez,Parlante Portátil,Electrónica,1,25029.18,25029.18,Sofía Emilia Blanco Alvarez
71,2025-07-07,Belgrano,Juego de Sábanas,Hogar,2,14596.89,29193.78,Mateo Zoe Jazmin Quiroga Cabrera
1154,2025-07-07,Nuñez,Pelota de Fútbol,Deportes,2,11604.52,23209.04,Thiago Benjamin Ruiz Molina
509,2025-07-08,Palermo,Set de Vasos,Hogar,4,7681.98,30727.92,Camila Maldonado Villalba
2891,2025-07-08,Palermo,Botella Térmica,Deportes,3,10199.47,30598.41,Julieta Catalina Alvarez
673,2025-07-09,Belgrano,Juego de Sábanas,Hogar,2,15121.55,30243.1,Simon Benjamin Campos
34,2025-07-09,Nuñez,Auriculares Bluetooth,Electrónica,3,17202.9,51608.7,Matias Suarez Gomez
2698,2025-07-11,Nuñez,Auriculares Bluetooth,Electrónica,4,17262.63,69050.52,Bautista Lucas Rodriguez Torres
987,2025-07-11,Palermo,Botella Térmica,Deportes,5,10152.04,50760.2,Sr(a). Matilda Nuñez
2525,2025-07-11,Nuñez,Pelota de Fútbol,Deportes,2,12408.79,24817.58,Juan Bautista Constanza Herrera
1841,2025-07-12,Belgrano,Pelota de Fútbol,Deportes,4,12170.18,48680.72,León Agustina Pereyra
2174,2025-07-12,Nuñez,Pelota de Fútbol,Deportes,1,12234.34,12234.34,Camila Maldonado Vargas
47,2025-07-12,Palermo,Cargador USB-C,Electrónica,3,6553.63,19660.89,Santiago Gomez
532,2025-07-12,Nuñez,Parlante Portátil,Electrónica,2,24495.14,48990.28,Sr(a). Lucía Flores
2349,2025-07-12,Belgrano,Juego de Sábanas,Hogar,2,14650.15,29300.3,Dr(a). Paloma Flores
1765,2025-07-12,Nuñez,Auriculares Bluetooth,Electrónica,4,18786.98,75147.92,Thiago Valentin Juarez Hernandez
1391,2025-07-13,Palermo,Pelota de Fútbol,Deportes,5,12217.58,61087.9,Sr(a). Emma Morales
744,2025-07-13,Nuñez,Auriculares Bluetooth,Electrónica,1,18860.82,18860.82,Sr(a). Catalina Gomez
1413,2025-07-13,Belgrano,Botella Térmica,Deportes,1,10082.77,10082.77,Olivia Sanchez
376,2025-07-13,Palermo,Remera Básica,Indumentaria,4,9409.01,37636.04,Lautaro Gabriel Perez
663,2025-07-13,Palermo,Juego de Sábanas,Hogar,3,15073.2,45219.6,Morena Silva
2038,2025-07-14,Belgrano,Juego de Sábanas,Hogar,4,14566.51,58266.04,Violeta Rivero Lopez
536,2025-07-16,Palermo,Juego de Sábanas,Hogar,1,14626.03,14626.03,Zoe Agustin Roldan
1233,2025-07-16,Belgrano,Remera Básica,Indumentaria,2,8917.51,17835.02,Julieta Herrera Romero
113,2025-07-17,Belgrano,Remera Básica,Indumentaria,1,8833.07,8833.07,Uma Guzman Cruz
2437,2025-07-17,Palermo,Cargador USB-C,Electrónica,2,6455.44,12910.88,Sr(a). Agustín Caceres
2791,2025-07-17,Nuñez,Juego de Sábanas,Hogar,2,14945.4,29890.8,Mateo Valentin Flores Rodriguez
1068,2025-07-17,Belgrano,Remera Básica,Indumentaria,1,8815.54,8815.54,Dr(a). Luz Milagros Luna
2440,2025-07-17,Nuñez,Juego de Sábanas,Hogar,5,15571.09,77855.45,Ana Paula Molina Valdez
403,2025-07-17,Nuñez,Botella Térmica,Deportes,4,9601.91,38407.64,Federico Delfina Cabrera Ledesma
228,2025-07-18,Belgrano,Pelota de Fútbol,Deportes,2,12321.34,24642.68,Francisco Castillo Garcia
1322,2025-07-18,Belgrano,Parlante Portátil,Electrónica,4,25612.99,102451.96,Lucía Mansilla
1425,2025-07-18,Palermo,Cargador USB-C,Electrónica,2,6517.45,13034.9,Sr(a). Kiara Ledesma
545,2025-07-18,Palermo,Juego de Sábanas,Hogar,5,14958.16,74790.8,Thiago Valentin Navarro Avila
117,2025-07-18,Belgrano,Parlante Portátil,Electrónica,4,23983.02,95932.08,Dr(a). Maria Guadalupe Paez
1191,2025-07-18,Palermo,Pelota de Fútbol,Deportes,1,12475.88,12475.88,Sr(a). Santino Martinez
2031,2025-07-19,Nuñez,Botella Térmica,Deportes,1,10395.33,10395.33,Thiago Agustin Uma Rojas
912,2025-07-19,Belgrano,Juego de Sábanas,Hogar,3,15604.74,46814.22,Benjamin Joaquina Pereyra Villalba
1030,2025-07-19,Nuñez,Set de Vasos,Hogar,5,8137.74,40688.7,Guadalupe Lucio Gomez
2353,2025-07-19,Belgrano,Cargador USB-C,Electrónica,3,6331.6,18994.8,Sr(a). Augusto Herrera
312,2025-07-19,Palermo,Auriculares Bluetooth,Electrónica,1,18365.12,18365.12,Julia Martinez
1230,2025-07-19,Belgrano,Botella Térmica,Deportes,2,9545.61,19091.22,Sofia Thiago Navarro
1092,2025-07-20,Nuñez,Cargador USB-C,Electrónica,3,6224.75,18674.25,Fausto Juan Ignacio Rodriguez
2502,2025-07-20,Belgrano,Cargador USB-C,Electrónica,5,6615.55,33077.75,Benjamin Delfina Maldonado
243,2025-07-20,Belgrano,Juego de Sábanas,Hogar,4,15006.38,60025.52,Thiago Emanuel Villalba Miranda
390,2025-07-20,Palermo,Campera de Abrigo,Indumentaria,3,31042.15,93126.45,Lorenzo Toledo Lopez
1487,2025-07-20,Palermo,Remera Básica,Indumentaria,1,9016.78,9016.78,Dylan Facundo Alvarez
648,2025-07-20,Palermo,Remera Básica,Indumentaria,5,9383.33,46916.65,Mateo Benjamin Mateo Medina
2859,2025-07-20,Palermo,Auriculares Bluetooth,Electrónica,3,18859.01,56577.03,Catalina Thiago Nahuel Perez Herrera
2214,2025-07-20,Nuñez,Juego de Sábanas,Hogar,1,15048.77,15048.77,Sr(a). Catalina Garcia
1433,2025-07-20,Belgrano,Campera de Abrigo,Indumentaria,3,33147.25,99441.75,Thiago Agustin Gomez
1302,2025-07-20,Palermo,Remera Básica,Indumentaria,5,8942.29,44711.45,Ignacio Renata Diaz Diaz
96,2025-07-20,Belgrano,Parlante Portátil,Electrónica,2,25344.67,50689.34,Sofía Gutierrez
2221,2025-07-20,Palermo,Set de Vasos,Hogar,2,8317.37,16634.74,Sr(a). Sofía Soto
149,2025-07-21,Palermo,Juego de Sábanas,Hogar,2,15469.58,30939.16,Dr(a). Benjamin Flores
1058,2025-07-21,Nuñez,Set de Vasos,Hogar,2,7617.19,15234.38,Zoe Ramirez
2854,2025-07-22,Palermo,Campera de Abrigo,Indumentaria,2,33465.29,66930.58,Catalina Benicio Torres Ramos
90,2025-07-23,Belgrano,Set de Vasos,Hogar,2,7668.49,15336.98,Lautaro Paz
160,2025-07-23,Nuñez,Cargador USB-C,Electrónica,5,6540.09,32700.45,Helena Mia Valentina Aguirre
979,2025-07-24,Belgrano,Juego de Sábanas,Hogar,2,15530.11,31060.22,Sr(a). Lucía Diaz
2668,2025-07-24,Nuñez,Botella Térmica,Deportes,2,9979.92,19959.84,Milagros Sofia Belen Correa Cabrera
1077,2025-07-25,Nuñez,Botella Térmica,Deportes,2,10077.51,20155.02,Sofía Santiago Soria
2720,2025-07-25,Palermo,Set de Vasos,Hogar,4,8386.37,33545.48,Benjamin Alejandro Martina Leiva
645,2025-07-25,Nuñez,Parlante Portátil,Electrónica,1,25665.71,25665.71,Dr(a). Renata Aguirre
2888,2025-07-25,Palermo,Juego de Sábanas,Hogar,1,14786.95,14786.95,Sr(a). Camilo Torres
2336,2025-07-26,Belgrano,Campera de Abrigo,Indumentaria,1,30953.25,30953.25,Emma Rivero
2562,2025-07-26,Palermo,Parlante Portátil,Electrónica,3,24805.31,74415.93,Catalina Pereyra
1005,2025-07-26,Nuñez,Cargador USB-C,Electrónica,5,6527.19,32635.95,Benjamin Emma Diaz
932,2025-07-26,Belgrano,Set de Vasos,Hogar,2,7808.23,15616.46,Valentino Vera
297,2025-07-26,Palermo,Auriculares Bluetooth,Electrónica,2,18665.05,37330.1,Micaela Juan Gabriel Bravo
1381,2025-07-26,Palermo,Pelota de Fútbol,Deportes,4,11506.11,46024.44,Catalina Santino Benjamin Ramirez
632,2025-07-26,Palermo,Botella Térmica,Deportes,4,9689.78,38759.12,Federico Diaz Cardozo
1498,2025-07-28,Palermo,Cargador USB-C,Electrónica,4,6560.72,26242.88,Maria Paz Gimenez
1374,2025-07-28,Nuñez,Set de Vasos,Hogar,1,8170.56,8170.56,Candela Guzman Martinez
2270,2025-07-28,Palermo,Juego de Sábanas,Hogar,2,15749.64,31499.28,Julia Felipe Fernandez
2196,2025-07-28,Nuñez,Cargador USB-C,Electrónica,2,6667.55,13335.1,Bautista Juan Ignacio Gomez
1912,2025-07-29,Nuñez,Campera de Abrigo,Indumentaria,2,32873.34,65746.68,Guillermina Gutierrez
1330,2025-07-29,Palermo,Remera Básica,Indumentaria,3,9091.62,27274.86,Milo Santino Chavez
1497,2025-07-30,Palermo,Campera de Abrigo,Indumentaria,3,31463.79,94391.37,Sr(a). Ciro Gonzalez
331,2025-07-31,Belgrano,Remera Básica,Indumentaria,5,8711.93,43559.65,Sr(a). Tomàs Correa
280,2025-07-31,Belgrano,Botella Térmica,Deportes,4,10172.77,40691.08,Dr(a). Malena Soto
232,2025-07-31,Palermo,Parlante Portátil,Electrónica,1,23953.06,23953.06,Felipe Pereyra
2149,2025-08-01,Nuñez,Cargador USB-C,Electrónica,5,6218.42,31092.1,Felipe Lucio Farias Maidana
180,2025-08-01,Nuñez,Pelota de Fútbol,Deportes,5,11787.85,58939.25,Thiago Benjamin Catalina Martinez
2718,2025-08-01,Palermo,Set de Vasos,Hogar,3,7896.99,23690.97,Francisco Aguirre Gonzalez
2372,2025-08-01,Belgrano,Parlante Portátil,Electrónica,2,24721.04,49442.08,Sr(a). Gino Ortiz
2534,2025-08-01,Nuñez,Auriculares Bluetooth,Electrónica,2,18833.19,37666.38,Abril Olivera
2732,2025-08-02,Belgrano,Botella Térmica,Deportes,5,9972.61,49863.05,Samuel Maria Paz Gomez
2875,2025-08-02,Palermo,Campera de Abrigo,Indumentaria,4,31494.07,125976.28,Valentino Ignacio Campos
1129,2025-08-02,Belgrano,Cargador USB-C,Electrónica,4,6797.11,27188.44,Josefina Martinez
1967,2025-08-02,Belgrano,Pelota de Fútbol,Deportes,2,12519.54,25039.08,Luz Milagros Bruno Suarez Moyano
165,2025-08-02,Palermo,Remera Básica,Indumentaria,1,8677.69,8677.69,Sr(a). Santiago Ponce
1917,2025-08-02,Belgrano,Set de Vasos,Hogar,3,7753.48,23260.44,Gino Avila
422,2025-08-02,Nuñez,Juego de Sábanas,Hogar,4,14460.97,57843.88,Sr(a). Joaquin Morales
2374,2025-08-02,Nuñez,Botella Térmica,Deportes,5,10495.01,52475.05,Manuel León Vargas Rodriguez
539,2025-08-02,Belgrano,Pelota de Fútbol,Deportes,3,12550.39,37651.17,Francesca Valentina Romero
2506,2025-08-02,Belgrano,Set de Vasos,Hogar,2,7742.91,15485.82,Uma  Diaz Torres
2535,2025-08-02,Palermo,Pelota de Fútbol,Deportes,2,12083.17,24166.34,Antonella Valentina Medina Rivero
1278,2025-08-03,Palermo,Cargador USB-C,Electrónica,4,6238.31,24953.24,Sr(a). Francesca Sanchez
2359,2025-08-03,Palermo,Cargador USB-C,Electrónica,2,6511.1,13022.2,Maria Belen Ortiz Ortiz
1928,2025-08-03,Palermo,Parlante Portátil,Electrónica,1,24594.01,24594.01,Ana Paula Ramirez Guzman
827,2025-08-03,Nuñez,Botella Térmica,Deportes,3,9671.74,29015.22,Alma Mia Castillo
1764,2025-08-03,Belgrano,Auriculares Bluetooth,Electrónica,2,18471.92,36943.84,Alma Bastian Correa Diaz
1970,2025-08-04,Palermo,Parlante Portátil,Electrónica,2,23751.42,47502.84,Morena Jazmin Ruiz
421,2025-08-04,Palermo,Set de Vasos,Hogar,5,7854.57,39272.85,Sr(a). Juan Bautista Lopez
1109,2025-08-05,Palermo,Pelota de Fútbol,Deportes,1,12119.84,12119.84,Jeronimo Juan Francisco Gutierrez
955,2025-08-05,Palermo,Set de Vasos,Hogar,1,8333.84,8333.84,Zoe Martina Correa
2180,2025-08-05,Belgrano,Remera Básica,Indumentaria,1,8701.13,8701.13,Mia Jazmin Martina Chavez Gimenez
1619,2025-08-05,Belgrano,Pelota de Fútbol,Deportes,4,12433.37,49733.48,Julieta Julian Coronel
1838,2025-08-05,Nuñez,Remera Básica,Indumentaria,5,8600.27,43001.35,Máximo Ledesma
2131,2025-08-05,Nuñez,Campera de Abrigo,Indumentaria,3,32209.09,96627.27,Alvaro Bautista Benjamin Diaz Perez
945,2025-08-05,Belgrano,Pelota de Fútbol,Deportes,1,12361.87,12361.87,Luz Milagros Santiago Nicolas Morales Diaz
553,2025-08-06,Nuñez,Botella Térmica,Deportes,4,9865.3,39461.2,Olivia Zoe Jazmin Aguirre
2644,2025-08-06,Nuñez,Cargador USB-C,Electrónica,4,6769.09,27076.36,Ambar Rodriguez Acuña
941,2025-08-07,Nuñez,Auriculares Bluetooth,Electrónica,1,17543.08,17543.08,Juan Bautista Olivia Chavez Avila
2632,2025-08-07,Belgrano,Pelota de Fútbol,Deportes,3,11490.32,34470.96,Lorenzo Julieta Roldan Valdez
2935,2025-08-07,Palermo,Remera Básica,Indumentaria,1,9175.02,9175.02,Lautaro Ezequiel Julia Sanchez
1265,2025-08-08,Nuñez,Pelota de Fútbol,Deportes,2,11908.4,23816.8,Francisco Renata Martin
1174,2025-08-08,Belgrano,Campera de Abrigo,Indumentaria,3,30603.19,91809.57,Victoria Rivero
1940,2025-08-08,Belgrano,Auriculares Bluetooth,Electrónica,4,17136.89,68547.56,Ciro Diaz Diaz
324,2025-08-08,Palermo,Botella Térmica,Deportes,4,9669.5,38678.0,Joaquin Ramos Aguirre
2121,2025-08-08,Belgrano,Parlante Portátil,Electrónica,4,24811.18,99244.72,Agostina Francisco Suarez Ponce
2520,2025-08-08,Palermo,Cargador USB-C,Electrónica,4,6763.86,27055.44,Dante Martinez Rojas
2286,2025-08-08,Palermo,Botella Térmica,Deportes,5,10384.95,51924.75,Sr(a). Benjamin Sosa
1675,2025-08-08,Palermo,Juego de Sábanas,Hogar,3,14531.62,43594.86,Faustino Simon Perez
1984,2025-08-08,Belgrano,Set de Vasos,Hogar,2,8314.3,16628.6,Agustin Gutierrez Coronel
657,2025-08-08,Palermo,Parlante Portátil,Electrónica,5,26242.7,131213.5,Zoe Valentina Luciana Ortiz
2377,2025-08-08,Palermo,Auriculares Bluetooth,Electrónica,2,18793.34,37586.68,Paloma Malena Velazquez
2162,2025-08-09,Palermo,Campera de Abrigo,Indumentaria,4,32910.06,131640.24,Gabriel Catalina Bravo
1638,2025-08-09,Belgrano,Juego de Sábanas,Hogar,3,15085.01,45255.03,Tiziano Mendoza
491,2025-08-09,Belgrano,Remera Básica,Indumentaria,4,8952.36,35809.44,Agustina Rodriguez
2914,2025-08-09,Palermo,Remera Básica,Indumentaria,5,9234.77,46173.85,Lautaro Malena Rios Ayala
993,2025-08-09,Belgrano,Set de Vasos,Hogar,4,8015.73,32062.92,Gino Benjamin Hernandez Fernandez
517,2025-08-09,Belgrano,Set de Vasos,Hogar,1,8227.23,8227.23,Sr(a). Jeremias Sosa
892,2025-08-09,Belgrano,Remera Básica,Indumentaria,4,8640.05,34560.2,Ludmila Renzo Sosa Ramirez
2685,2025-08-09,Belgrano,Cargador USB-C,Electrónica,2,6716.71,13433.42,Alfonsina Torres
273,2025-08-09,Belgrano,Set de Vasos,Hogar,3,8154.21,24462.63,Charo Juan Pablo Figueroa
2398,2025-08-09,Belgrano,Botella Térmica,Deportes,4,9844.61,39378.44,Juana Vera Hernandez
1405,2025-08-10,Palermo,Remera Básica,Indumentaria,2,8777.25,17554.5,Dylan Benjamin Nahiara Luna Paz
1915,2025-08-10,Nuñez,Botella Térmica,Deportes,3,9590.99,28772.97,Santiago Rodriguez
589,2025-08-10,Palermo,Remera Básica,Indumentaria,2,8999.1,17998.2,Thiago Joaquin Acosta Coronel
722,2025-08-10,Palermo,Set de Vasos,Hogar,1,7849.1,7849.1,Sofia Lucas Sanchez Rios
559,2025-08-10,Palermo,Auriculares Bluetooth,Electrónica,2,18233.17,36466.34,Valentino Morales
2044,2025-08-11,Palermo,Auriculares Bluetooth,Electrónica,2,18391.03,36782.06,Dr(a). Martina Cruz
205,2025-08-11,Palermo,Pelota de Fútbol,Deportes,2,11749.53,23499.06,Sr(a). Paloma Sanchez
584,2025-08-11,Nuñez,Cargador USB-C,Electrónica,4,6802.94,27211.76,Martín Tomàs Martinez Castro
1875,2025-08-12,Nuñez,Botella Térmica,Deportes,5,10164.64,50823.2,Ian Ezequiel Benjamin Castro
2686,2025-08-13,Belgrano,Pelota de Fútbol,Deportes,3,11577.37,34732.11,Julian Mateo Gonzalez Soria
1649,2025-08-13,Nuñez,Remera Básica,Indumentaria,2,8735.53,17471.06,Jeremias Sanchez Cordoba
2422,2025-08-14,Belgrano,Auriculares Bluetooth,Electrónica,1,17816.01,17816.01,Sr(a). Juan Manuel Gimenez
2684,2025-08-14,Nuñez,Juego de Sábanas,Hogar,4,15501.44,62005.76,Felipe Juan Cruz Caceres Romero
1377,2025-08-15,Belgrano,Cargador USB-C,Electrónica,2,6337.51,12675.02,Agustin Santiago Alvarez
1716,2025-08-15,Nuñez,Juego de Sábanas,Hogar,5,15312.53,76562.65,Luz Maria Franco
896,2025-08-15,Palermo,Campera de Abrigo,Indumentaria,3,31274.77,93824.31,Santino Agustin Fausto Rodriguez
281,2025-08-15,Nuñez,Set de Vasos,Hogar,4,7875.62,31502.48,Mateo Joaquin Farias Flores
501,2025-08-15,Nuñez,Parlante Portátil,Electrónica,2,24008.88,48017.76,Paulina Thiago Ezequiel Luna
826,2025-08-15,Nuñez,Juego de Sábanas,Hogar,3,14979.22,44937.66,Benjamin Sara Sanchez Garcia
1538,2025-08-15,Belgrano,Set de Vasos,Hogar,5,7959.74,39798.7,Felipe Tomàs Bravo Rojas
1442,2025-08-16,Belgrano,Botella Térmica,Deportes,5,10217.36,51086.8,Guadalupe Roldan Romero
781,2025-08-16,Palermo,Botella Térmica,Deportes,1,9536.88,9536.88,Sr(a). Joaquin Sanchez
1007,2025-08-16,Palermo,Auriculares Bluetooth,Electrónica,5,18192.34,90961.7,Enzo Malena Sosa Sanchez
2043,2025-08-17,Nuñez,Parlante Portátil,Electrónica,2,24081.12,48162.24,Malena Bautista Maldonado
1382,2025-08-17,Nuñez,Parlante Portátil,Electrónica,2,25302.22,50604.44,Luciano Benjamin Ledesma
183,2025-08-17,Belgrano,Remera Básica,Indumentaria,1,8954.76,8954.76,Federico Facundo Castillo Blanco
2868,2025-08-17,Belgrano,Set de Vasos,Hogar,5,8246.83,41234.15,Agustin Martinez
1714,2025-08-17,Nuñez,Parlante Portátil,Electrónica,5,25971.51,129857.55,Abril Perez
2899,2025-08-17,Palermo,Remera Básica,Indumentaria,2,8716.6,17433.2,Ciro Rodriguez
1396,2025-08-17,Palermo,Campera de Abrigo,Indumentaria,5,31822.33,159111.65,Juliana Luna Sanchez
537,2025-08-17,Nuñez,Juego de Sábanas,Hogar,3,14785.71,44357.13,Jazmín Felipe Medina Rodriguez
2623,2025-08-18,Nuñez,Cargador USB-C,Electrónica,5,6514.72,32573.6,Dr(a). Camila Rodriguez
736,2025-08-19,Nuñez,Campera de Abrigo,Indumentaria,5,31693.43,158467.15,Sr(a). Felipe Lopez
1448,2025-08-19,Nuñez,Remera Básica,Indumentaria,2,8892.98,17785.96,Francesca Arias
2737,2025-08-20,Palermo,Campera de Abrigo,Indumentaria,4,32953.08,131812.32,Santiago Lautaro Benjamin Miranda Morales
398,2025-08-21,Palermo,Juego de Sábanas,Hogar,1,14496.56,14496.56,Guadalupe Santino Agustin Gonzalez Fernandez
2454,2025-08-21,Belgrano,Remera Básica,Indumentaria,5,8751.82,43759.1,Florencia Dominguez Morales
2548,2025-08-22,Belgrano,Campera de Abrigo,Indumentaria,2,30519.34,61038.68,Thiago Ezequiel Pereyra
500,2025-08-22,Palermo,Pelota de Fútbol,Deportes,5,12337.3,61686.5,Matilda Figueroa
1692,2025-08-22,Belgrano,Pelota de Fútbol,Deportes,4,12310.15,49240.6,Dr(a). Facundo Gonzalez
1539,2025-08-22,Palermo,Parlante Portátil,Electrónica,5,25171.78,125858.9,Alma Jazmin Ruiz Aguirre
2687,2025-08-22,Belgrano,Campera de Abrigo,Indumentaria,3,30686.18,92058.54,Sr(a). Santino Diaz
530,2025-08-22,Nuñez,Cargador USB-C,Electrónica,1,6407.51,6407.51,Emma Thiago Lionel Velazquez Pereyra
1143,2025-08-22,Palermo,Remera Básica,Indumentaria,4,9155.52,36622.08,Milena Diaz
1634,2025-08-23,Nuñez,Campera de Abrigo,Indumentaria,1,30579.57,30579.57,Catalina Romero
2058,2025-08-23,Belgrano,Campera de Abrigo,Indumentaria,4,32543.48,130173.92,Josefina Maia Gonzalez Arias
2860,2025-08-23,Belgrano,Pelota de Fútbol,Deportes,4,12267.34,49069.36,Mateo Valentin Gutierrez Morales
2208,2025-08-23,Belgrano,Campera de Abrigo,Indumentaria,4,30861.03,123444.12,Lucia Valentina Cabrera Vega
2354,2025-08-23,Palermo,Cargador USB-C,Electrónica,2,6750.12,13500.24,Jeremias Lola Alvarez Rodriguez
2940,2025-08-24,Belgrano,Parlante Portátil,Electrónica,1,24265.62,24265.62,Catalina Diaz Toledo
1324,2025-08-24,Belgrano,Set de Vasos,Hogar,2,8363.01,16726.02,Lucia Josefina Gonzalez Ramirez
1516,2025-08-24,Nuñez,Parlante Portátil,Electrónica,4,24575.4,98301.6,Juan Bautista Ciro Rodriguez Torres
1885,2025-08-24,Nuñez,Campera de Abrigo,Indumentaria,3,33437.19,100311.57,Sr(a). Julieta Ruiz
377,2025-08-24,Palermo,Cargador USB-C,Electrónica,3,6315.23,18945.69,Benicio Rodriguez Martinez
844,2025-08-24,Palermo,Campera de Abrigo,Indumentaria,2,31064.91,62129.82,Francisco Cabrera Leiva
24,2025-08-25,Palermo,Remera Básica,Indumentaria,1,9187.06,9187.06,Bianca Catalina Gonzalez
1031,2025-08-25,Palermo,Parlante Portátil,Electrónica,1,24068.58,24068.58,Renata Ignacio Gomez
1465,2025-08-25,Nuñez,Botella Térmica,Deportes,1,9732.26,9732.26,Nicolas Simon Blanco Gonzalez
2185,2025-08-26,Belgrano,Parlante Portátil,Electrónica,2,24608.31,49216.62,Antonella Gonzalez Gonzalez
869,2025-08-26,Palermo,Cargador USB-C,Electrónica,1,6292.55,6292.55,Paulina Mateo Coronel
2042,2025-08-27,Belgrano,Cargador USB-C,Electrónica,3,6624.34,19873.02,Juan Cruz Benjamin Ferreyra Gonzalez
558,2025-08-27,Nuñez,Pelota de Fútbol,Deportes,4,11426.94,45707.76,Rosario Carrizo Coronel
2886,2025-08-27,Nuñez,Remera Básica,Indumentaria,1,8822.26,8822.26,Matias Rojas
2293,2025-08-27,Nuñez,Pelota de Fútbol,Deportes,2,12119.88,24239.76,Tiziana Juan Manuel Molina Maldonado
2370,2025-08-28,Belgrano,Auriculares Bluetooth,Electrónica,5,17944.98,89724.9,Benicio Jazmín Benitez Paez
1447,2025-08-28,Belgrano,Remera Básica,Indumentaria,5,8740.33,43701.65,Santiago Muñoz Luna
1432,2025-08-28,Palermo,Remera Básica,Indumentaria,1,8856.85,8856.85,Delfina Moreno
1737,2025-08-28,Nuñez,Pelota de Fútbol,Deportes,5,11509.14,57545.7,Emilia Chavez Gomez
415,2025-08-28,Nuñez,Remera Básica,Indumentaria,3,9402.8,28208.4,Agostina Romero
732,2025-08-29,Palermo,Pelota de Fútbol,Deportes,3,12066.11,36198.33,Bautista Ortiz
1193,2025-08-29,Belgrano,Campera de Abrigo,Indumentaria,1,32597.31,32597.31,Franco Abigail Castro
2929,2025-08-29,Belgrano,Juego de Sábanas,Hogar,2,14290.57,28581.14,Salvador Godoy
87,2025-08-29,Palermo,Campera de Abrigo,Indumentaria,2,33058.34,66116.68,Benjamin Ezequiel Guzman
797,2025-08-29,Palermo,Cargador USB-C,Electrónica,4,6304.19,25216.76,Sofia Santiago Quiroga Muñoz
785,2025-08-30,Palermo,Botella Térmica,Deportes,1,9620.75,9620.75,Gael Carrizo Ojeda
1633,2025-08-30,Palermo,Juego de Sábanas,Hogar,1,15421.84,15421.84,Alma Valentina Maria Victoria Coronel Morales
2022,2025-08-30,Palermo,Botella Térmica,Deportes,4,10053.59,40214.36,Bautista Ledesma Cardozo
1173,2025-08-30,Belgrano,Pelota de Fútbol,Deportes,4,12599.95,50399.8,Sr(a). Juan Pablo Sanchez
2628,2025-08-30,Palermo,Cargador USB-C,Electrónica,2,6398.23,12796.46,Sr(a). Lautaro Rodriguez
2544,2025-08-30,Palermo,Juego de Sábanas,Hogar,4,14442.46,57769.84,Francesca Ciro Toledo Sanchez
37,2025-08-31,Nuñez,Juego de Sábanas,Hogar,1,14878.84,14878.84,Ema Rojas Gomez
944,2025-08-31,Belgrano,Pelota de Fútbol,Deportes,3,12563.72,37691.16,Dr(a). Valentina Jazmin Molina
1385,2025-08-31,Belgrano,Cargador USB-C,Electrónica,3,6542.54,19627.62,Francisco Pedro Gonzalez Aguirre
375,2025-08-31,Palermo,Auriculares Bluetooth,Electrónica,1,18876.39,18876.39,Sr(a). Francesca Herrera
2314,2025-08-31,Belgrano,Campera de Abrigo,Indumentaria,5,32417.56,162087.8,Francisco Emiliano Alvarez Cruz
36,2025-09-01,Palermo,Parlante Portátil,Electrónica,2,24759.44,49518.88,Sr(a). Catalina Suarez
713,2025-09-01,Palermo,Campera de Abrigo,Indumentaria,3,32656.85,97970.55,Valentina Santino Silva
2453,2025-09-01,Belgrano,Auriculares Bluetooth,Electrónica,4,17922.45,71689.8,Alma Valentina Lopez
2282,2025-09-01,Palermo,Set de Vasos,Hogar,5,8329.58,41647.9,Julieta Delfina Vega Molina
1315,2025-09-02,Nuñez,Auriculares Bluetooth,Electrónica,2,17608.43,35216.86,Sr(a). Ludmila Diaz
2110,2025-09-02,Belgrano,Pelota de Fútbol,Deportes,4,12500.01,50000.04,Sr(a). Catalina Pereyra
150,2025-09-02,Belgrano,Juego de Sábanas,Hogar,2,15731.29,31462.58,Santino Campos
2148,2025-09-02,Palermo,Pelota de Fútbol,Deportes,1,12066.56,12066.56,Morena Federico Alvarez
1295,2025-09-03,Nuñez,Auriculares Bluetooth,Electrónica,5,18209.72,91048.6,Martina Elena Carrizo Mansilla
2455,2025-09-04,Nuñez,Cargador USB-C,Electrónica,1,6480.29,6480.29,Juan Ignacio Romero Sosa
1101,2025-09-04,Nuñez,Botella Térmica,Deportes,4,10267.11,41068.44,Luciano Benjamin Diaz Nuñez
2189,2025-09-05,Nuñez,Cargador USB-C,Electrónica,1,6304.45,6304.45,Lara Lopez
1501,2025-09-05,Palermo,Parlante Portátil,Electrónica,1,24420.36,24420.36,Juliana Ramirez Diaz
1177,2025-09-05,Palermo,Cargador USB-C,Electrónica,1,6535.57,6535.57,Dr(a). Maria Paz Cruz
1911,2025-09-05,Palermo,Parlante Portátil,Electrónica,4,25682.75,102731.0,Victoria Peralta
2147,2025-09-05,Belgrano,Pelota de Fútbol,Deportes,2,11469.82,22939.64,Victoria Farias Silva
1310,2025-09-06,Palermo,Auriculares Bluetooth,Electrónica,2,18826.49,37652.98,Valentin Figueroa Ponce
2007,2025-09-06,Nuñez,Set de Vasos,Hogar,4,8391.09,33564.36,Josefina Sara Dominguez
574,2025-09-06,Palermo,Auriculares Bluetooth,Electrónica,1,17573.57,17573.57,Kiara Ayala Martinez
927,2025-09-06,Palermo,Campera de Abrigo,Indumentaria,3,32725.47,98176.41,Guadalupe Isabella Diaz Acosta
2407,2025-09-06,Nuñez,Set de Vasos,Hogar,2,7679.78,15359.56,Santino Faustino Ramirez Gutierrez
458,2025-09-06,Palermo,Juego de Sábanas,Hogar,3,15271.13,45813.39,Felipe Peralta
2308,2025-09-06,Nuñez,Cargador USB-C,Electrónica,2,6824.08,13648.16,Sofia Suarez Ortiz
161,2025-09-06,Belgrano,Cargador USB-C,Electrónica,1,6550.65,6550.65,Catalina Diaz Ledesma
695,2025-09-07,Palermo,Pelota de Fútbol,Deportes,2,12458.6,24917.2,Lucas Benjamin Valentino Guzman Ortiz
1299,2025-09-07,Nuñez,Juego de Sábanas,Hogar,3,14564.64,43693.92,Isabel Catalina Garcia Torres
1483,2025-09-07,Belgrano,Pelota de Fútbol,Deportes,2,11434.76,22869.52,Thiago Valentin Tiziano Valentin Martinez
1621,2025-09-07,Belgrano,Set de Vasos,Hogar,2,7862.91,15725.82,Morena Perez
1333,2025-09-07,Palermo,Pelota de Fútbol,Deportes,4,11683.71,46734.84,Josefina Gonzalez Farias
904,2025-09-07,Nuñez,Set de Vasos,Hogar,2,7690.85,15381.7,Luciano Suarez
2468,2025-09-07,Nuñez,Cargador USB-C,Electrónica,4,6346.39,25385.56,Alfonsina Sara Acosta Paez
2972,2025-09-07,Nuñez,Pelota de Fútbol,Deportes,2,12105.59,24211.18,Joaquín Torres Ferreyra
865,2025-09-08,Palermo,Cargador USB-C,Electrónica,2,6295.11,12590.22,Tiziana Fernandez Toledo
949,2025-09-09,Nuñez,Set de Vasos,Hogar,1,8265.64,8265.64,Dr(a). Maria Victoria Leiva
1717,2025-09-10,Belgrano,Botella Térmica,Deportes,3,10217.56,30652.68,Sr(a). Benjamin Gimenez
752,2025-09-10,Belgrano,Set de Vasos,Hogar,5,8191.17,40955.85,Olivia Flores Sosa
803,2025-09-10,Belgrano,Parlante Portátil,Electrónica,5,26013.95,130069.75,Julieta Ruiz Aguirre
5,2025-09-10,Palermo,Remera Básica,Indumentaria,1,9206.76,9206.76,Dr(a). Delfina Nuñez
555,2025-09-10,Belgrano,Remera Básica,Indumentaria,2,8945.91,17891.82,Malena Ponce
1249,2025-09-11,Palermo,Remera Básica,Indumentaria,4,9027.43,36109.72,Alfonsina Ambar Rodriguez Alvarez
1186,2025-09-11,Nuñez,Juego de Sábanas,Hogar,2,14724.54,29449.08,Benjamin Ayala Ferreyra
1829,2025-09-11,Nuñez,Juego de Sábanas,Hogar,1,15353.24,15353.24,Lautaro Nahuel Luciana Olivera Ortiz
1956,2025-09-12,Nuñez,Pelota de Fútbol,Deportes,4,12301.96,49207.84,Nahiara Jazmin Maria Belen Franco
2278,2025-09-12,Belgrano,Pelota de Fútbol,Deportes,4,12166.66,48666.64,Lucas Alvarez
911,2025-09-12,Belgrano,Botella Térmica,Deportes,1,10190.68,10190.68,Isabella Perez
676,2025-09-12,Palermo,Parlante Portátil,Electrónica,2,25240.9,50481.8,Catalina Vicente Moreno Rodriguez
275,2025-09-12,Palermo,Juego de Sábanas,Hogar,5,15619.2,78096.0,Salvador Benjamin Perez
1126,2025-09-12,Nuñez,Campera de Abrigo,Indumentaria,3,30837.3,92511.9,Manuel Gonzalez
1001,2025-09-12,Belgrano,Botella Térmica,Deportes,2,10004.76,20009.52,Benicio Felicitas Martinez Garcia
1228,2025-09-13,Belgrano,Campera de Abrigo,Indumentaria,2,30411.52,60823.04,Mateo Lautaro Paz Cordoba
1098,2025-09-13,Palermo,Parlante Portátil,Electrónica,3,24060.38,72181.14,Isabella Lourdes Suarez
1450,2025-09-13,Nuñez,Campera de Abrigo,Indumentaria,5,32065.08,160325.4,Martina Rodriguez Caceres
2114,2025-09-13,Palermo,Campera de Abrigo,Indumentaria,2,30635.2,61270.4,Vicente Olivia Rodriguez Sosa
236,2025-09-13,Belgrano,Juego de Sábanas,Hogar,3,15351.3,46053.9,Valentina Gonzalez
2834,2025-09-13,Palermo,Parlante Portátil,Electrónica,1,25743.33,25743.33,Sr(a). Martina Gonzalez
1937,2025-09-13,Belgrano,Campera de Abrigo,Indumentaria,2,32651.06,65302.12,Josefina Antonio Ramos Fernandez
1595,2025-09-13,Palermo,Botella Térmica,Deportes,5,10214.76,51073.8,Sr(a). Julia Vera
838,2025-09-14,Belgrano,Pelota de Fútbol,Deportes,5,12031.72,60158.6,Dr(a). Lautaro Miranda
1355,2025-09-14,Nuñez,Set de Vasos,Hogar,4,7687.35,30749.4,Sr(a). Lola Vera
156,2025-09-14,Belgrano,Cargador USB-C,Electrónica,2,6353.76,12707.52,Dr(a). Alma Aguirre
1437,2025-09-14,Nuñez,Set de Vasos,Hogar,3,8054.75,24164.25,Dante Gutierrez
476,2025-09-15,Palermo,Pelota de Fútbol,Deportes,3,12397.8,37193.4,Ignacio Herrera
2621,2025-09-15,Palermo,Botella Térmica,Deportes,5,10349.15,51745.75,Thiago Gabriel Valentina Quiroga Rodriguez
1555,2025-09-15,Palermo,Auriculares Bluetooth,Electrónica,2,17764.44,35528.88,Sebastian Ramirez
575,2025-09-15,Palermo,Remera Básica,Indumentaria,4,9387.62,37550.48,Dr(a). Victoria Blanco
2552,2025-09-16,Palermo,Pelota de Fútbol,Deportes,1,11713.31,11713.31,Isabella Fernandez Lucero
1822,2025-09-16,Nuñez,Remera Básica,Indumentaria,2,8989.73,17979.46,Maximo Juan Pablo Diaz
1627,2025-09-16,Belgrano,Botella Térmica,Deportes,2,9823.77,19647.54,Pilar Gomez
141,2025-09-16,Belgrano,Botella Térmica,Deportes,1,10135.4,10135.4,Emma Agustin Gomez
2716,2025-09-17,Palermo,Juego de Sábanas,Hogar,3,14925.32,44775.96,Dr(a). Amparo Acosta
195,2025-09-17,Belgrano,Juego de Sábanas,Hogar,4,14601.0,58404.0,Valentin Ramirez Sanchez
2392,2025-09-17,Palermo,Remera Básica,Indumentaria,4,9347.32,37389.28,Sr(a). Santino Agustin Fernandez
1146,2025-09-17,Belgrano,Botella Térmica,Deportes,3,10373.08,31119.24,Renata Elena Lopez Garcia
2182,2025-09-18,Palermo,Campera de Abrigo,Indumentaria,2,32428.64,64857.28,Julieta Rosario Gutierrez
2333,2025-09-19,Belgrano,Parlante Portátil,Electrónica,1,24009.14,24009.14,Guadalupe Herrera Fernandez
1686,2025-09-19,Nuñez,Juego de Sábanas,Hogar,1,14338.83,14338.83,Santino Gabriel Agustín Lucero
1777,2025-09-19,Palermo,Juego de Sábanas,Hogar,1,15264.28,15264.28,Candela Nuñez Diaz
247,2025-09-19,Belgrano,Parlante Portátil,Electrónica,4,26226.54,104906.16,Francesco Martina Torres Fernandez
867,2025-09-19,Belgrano,Remera Básica,Indumentaria,5,8611.5,43057.5,Morena Jazmin Joaquin Rodriguez Romero
1987,2025-09-19,Palermo,Botella Térmica,Deportes,1,9962.34,9962.34,Lisandro Medina
489,2025-09-19,Palermo,Campera de Abrigo,Indumentaria,2,32017.82,64035.64,Benjamin Alma Garcia
606,2025-09-19,Palermo,Parlante Portátil,Electrónica,1,23947.78,23947.78,Thiago Augusto Ruiz Gomez
1889,2025-09-20,Palermo,Pelota de Fútbol,Deportes,1,12220.59,12220.59,Victoria Dominguez
2580,2025-09-20,Belgrano,Botella Térmica,Deportes,1,9954.41,9954.41,Lola Lautaro Nahuel Maldonado Mansilla
573,2025-09-20,Palermo,Parlante Portátil,Electrónica,1,24151.85,24151.85,Mia Valentina Romero
2539,2025-09-20,Belgrano,Cargador USB-C,Electrónica,5,6578.5,32892.5,Benicio Martina Silva
951,2025-09-20,Palermo,Campera de Abrigo,Indumentaria,4,30697.43,122789.72,Dr(a). Enzo Flores
2305,2025-09-20,Palermo,Botella Térmica,Deportes,4,9637.46,38549.84,Milo Thiago Benjamin Acuña
858,2025-09-20,Nuñez,Juego de Sábanas,Hogar,5,15519.1,77595.5,Sr(a). Juana Herrera
2176,2025-09-20,Palermo,Parlante Portátil,Electrónica,4,24987.25,99949.0,Sr(a). Zoe Diaz
2201,2025-09-20,Nuñez,Remera Básica,Indumentaria,5,8666.01,43330.05,Salvador Micaela Gomez Sosa
703,2025-09-21,Nuñez,Set de Vasos,Hogar,5,8183.35,40916.75,Josefina Benitez Moyano
1671,2025-09-21,Belgrano,Campera de Abrigo,Indumentaria,2,31202.15,62404.3,Dr(a). Guillermina Gomez
1518,2025-09-21,Palermo,Juego de Sábanas,Hogar,2,14963.2,29926.4,Valentin Rojas Paz
1985,2025-09-21,Palermo,Remera Básica,Indumentaria,2,9260.59,18521.18,Santino Ezequiel Francisco Muñoz
2610,2025-09-21,Belgrano,Cargador USB-C,Electrónica,4,6557.28,26229.12,Sr(a). Santiago Aguirre
565,2025-09-21,Belgrano,Parlante Portátil,Electrónica,5,25008.32,125041.6,Luciana Bustos
2938,2025-09-22,Nuñez,Parlante Portátil,Electrónica,5,25791.0,128955.0,Gonzalo Garcia Villalba
1051,2025-09-22,Nuñez,Remera Básica,Indumentaria,3,8696.05,26088.15,Sr(a). Pedro Perez
1857,2025-09-23,Palermo,Juego de Sábanas,Hogar,1,15529.02,15529.02,Lucia Franco Arias
327,2025-09-23,Nuñez,Pelota de Fútbol,Deportes,1,11562.59,11562.59,Simon Valentin Morales
726,2025-09-23,Palermo,Juego de Sábanas,Hogar,3,14838.12,44514.36,Juan Manuel Juliana Gonzalez Romero
1197,2025-09-23,Nuñez,Botella Térmica,Deportes,1,10214.16,10214.16,Nicolas Juan Bautista Dominguez
475,2025-09-24,Belgrano,Botella Térmica,Deportes,1,10284.76,10284.76,Sr(a). Luca Rodriguez
2582,2025-09-24,Palermo,Remera Básica,Indumentaria,3,8710.38,26131.14,Sr(a). Lorenzo Godoy
1339,2025-09-24,Belgrano,Cargador USB-C,Electrónica,2,6206.09,12412.18,Sr(a). Sofia Sosa
2756,2025-09-24,Palermo,Pelota de Fútbol,Deportes,1,12050.13,12050.13,Thiago Benjamin Rodriguez
348,2025-09-24,Belgrano,Cargador USB-C,Electrónica,3,6772.14,20316.42,Bautista Juan Gabriel Gomez
1211,2025-09-24,Palermo,Campera de Abrigo,Indumentaria,5,30997.95,154989.75,Dr(a). Bautista Rodriguez
2907,2025-09-24,Palermo,Cargador USB-C,Electrónica,1,6802.25,6802.25,Juan Ignacio Aguirre Torres
816,2025-09-25,Belgrano,Remera Básica,Indumentaria,3,8707.74,26123.22,Catalina Castro Molina
2070,2025-09-25,Palermo,Pelota de Fútbol,Deportes,1,12270.89,12270.89,Bautista Valdez
2864,2025-09-26,Palermo,Set de Vasos,Hogar,3,8033.77,24101.31,Agustin Romero
2405,2025-09-26,Belgrano,Set de Vasos,Hogar,1,7891.38,7891.38,Sr(a). Juan Cruz Velazquez
310,2025-09-26,Palermo,Juego de Sábanas,Hogar,3,14650.99,43952.97,Rosario Camilo Coronel Garcia
1588,2025-09-26,Nuñez,Parlante Portátil,Electrónica,1,25248.92,25248.92,Santino Geronimo Gutierrez
1044,2025-09-26,Belgrano,Auriculares Bluetooth,Electrónica,1,17917.34,17917.34,Dr(a). Ezequiel Juarez
2911,2025-09-26,Belgrano,Cargador USB-C,Electrónica,2,6287.08,12574.16,Mia Sosa Gonzalez
1113,2025-09-26,Palermo,Auriculares Bluetooth,Electrónica,2,17774.14,35548.28,Maria Emilia Perez
494,2025-09-26,Palermo,Auriculares Bluetooth,Electrónica,3,18388.64,55165.92,Benjamin Alejandro Julieta Muñoz Gonzalez
2410,2025-09-27,Belgrano,Auriculares Bluetooth,Electrónica,2,17667.23,35334.46,Delfina Chavez Flores
1827,2025-09-27,Nuñez,Juego de Sábanas,Hogar,2,15425.53,30851.06,Dr(a). Juan Ignacio Navarro
635,2025-09-27,Palermo,Pelota de Fútbol,Deportes,1,12189.95,12189.95,Dr(a). Matias Cabrera
2984,2025-09-27,Nuñez,Set de Vasos,Hogar,5,8352.13,41760.65,Joaquín Thiago Valentin Franco Ramirez
163,2025-09-28,Nuñez,Set de Vasos,Hogar,5,7621.0,38105.0,Dr(a). Lautaro Acosta
391,2025-09-29,Nuñez,Set de Vasos,Hogar,3,8073.35,24220.05,Juan Cruz Bautista Dominguez Sanchez
1325,2025-09-29,Belgrano,Pelota de Fútbol,Deportes,4,11915.18,47660.72,Enzo Torres
1849,2025-09-29,Nuñez,Parlante Portátil,Electrónica,5,24685.75,123428.75,Bautista Martina Suarez Sanchez
472,2025-09-30,Nuñez,Set de Vasos,Hogar,1,8129.58,8129.58,Delfina Rivero
1053,2025-09-30,Belgrano,Juego de Sábanas,Hogar,4,15351.88,61407.52,Dr(a). Valentina Gonzalez
1105,2025-10-01,Belgrano,Remera Básica,Indumentaria,5,8905.56,44527.8,Victoria Lopez
1873,2025-10-02,Belgrano,Remera Básica,Indumentaria,3,9036.19,27108.57,Dr(a). Santino Agustin Perez
631,2025-10-02,Palermo,Pelota de Fútbol,Deportes,3,12173.49,36520.47,Sr(a). Tomàs Flores
2748,2025-10-02,Palermo,Botella Térmica,Deportes,2,10285.42,20570.84,Santino Justina Navarro
902,2025-10-03,Nuñez,Campera de Abrigo,Indumentaria,2,31565.68,63131.36,Thiago Romero Gomez
1749,2025-10-03,Belgrano,Set de Vasos,Hogar,3,7927.36,23782.08,Agustina Morena Cruz Herrera
2514,2025-10-03,Palermo,Cargador USB-C,Electrónica,3,6231.21,18693.63,Juan Bautista Gimenez
1474,2025-10-03,Nuñez,Botella Térmica,Deportes,1,9745.91,9745.91,Sr(a). Ana Paula Guzman
439,2025-10-04,Palermo,Campera de Abrigo,Indumentaria,5,31225.24,156126.2,Maria Victoria Isabella Garcia
2494,2025-10-04,Palermo,Cargador USB-C,Electrónica,4,6820.75,27283.0,Bautista Ignacio Cabrera Correa
1760,2025-10-04,Palermo,Juego de Sábanas,Hogar,4,14287.96,57151.84,Sr(a). Juan Ignacio Dominguez
2630,2025-10-04,Palermo,Set de Vasos,Hogar,5,7929.6,39648.0,Angelina Suarez Fernandez
2775,2025-10-04,Nuñez,Parlante Portátil,Electrónica,3,23973.93,71921.79,Sofia Perez
992,2025-10-04,Nuñez,Auriculares Bluetooth,Electrónica,5,17520.91,87604.55,Rafael Felipe Peralta Avila
2755,2025-10-04,Nuñez,Auriculares Bluetooth,Electrónica,2,17349.95,34699.9,Thiago Benjamin Josefina Ruiz Benitez
2068,2025-10-04,Palermo,Set de Vasos,Hogar,3,7754.04,23262.12,Mateo Santiago Flores Juarez
2056,2025-10-04,Nuñez,Botella Térmica,Deportes,5,9503.37,47516.85,Sofia Gonzalez
851,2025-10-05,Palermo,Pelota de Fútbol,Deportes,1,11847.84,11847.84,Santiago Agustina Martinez Rodriguez
696,2025-10-05,Nuñez,Set de Vasos,Hogar,2,7639.14,15278.28,Manuel Joaquin Herrera Olivera
2173,2025-10-06,Nuñez,Set de Vasos,Hogar,1,7826.85,7826.85,Isabella Nahuel Arias Lopez
2994,2025-10-06,Nuñez,Cargador USB-C,Electrónica,5,6729.67,33648.35,Camila Gomez Romero
2116,2025-10-07,Palermo,Set de Vasos,Hogar,3,7790.12,23370.36,Benjamin Juan Ignacio Pereyra
474,2025-10-07,Belgrano,Botella Térmica,Deportes,4,10161.66,40646.64,Sr(a). Emma Carrizo
544,2025-10-08,Nuñez,Auriculares Bluetooth,Electrónica,5,18142.02,90710.1,Julieta Nahuel Diaz Lopez
1020,2025-10-09,Nuñez,Set de Vasos,Hogar,5,7825.05,39125.25,Paulina Francisco Perez
1812,2025-10-09,Nuñez,Parlante Portátil,Electrónica,3,23784.88,71354.64,Sr(a). Catalina Sanchez
333,2025-10-10,Belgrano,Cargador USB-C,Electrónica,3,6603.13,19809.39,Tomàs Correa Miranda
2206,2025-10-10,Palermo,Botella Térmica,Deportes,5,10238.16,51190.8,Ramiro Vera Dominguez
1727,2025-10-10,Palermo,Juego de Sábanas,Hogar,4,15377.72,61510.88,Isabella Fernandez
1617,2025-10-11,Belgrano,Pelota de Fútbol,Deportes,4,11539.69,46158.76,Santino Rodriguez Rodriguez
1845,2025-10-11,Palermo,Auriculares Bluetooth,Electrónica,1,18018.44,18018.44,Martina Felipe Torres Olivera
689,2025-10-11,Palermo,Cargador USB-C,Electrónica,5,6634.73,33173.65,Valentina Juarez Muñoz
461,2025-10-11,Belgrano,Set de Vasos,Hogar,5,7656.97,38284.85,Renata Octavio Ayala
1298,2025-10-11,Palermo,Pelota de Fútbol,Deportes,5,11516.94,57584.7,Sr(a). Nahiara Cardozo
1313,2025-10-11,Palermo,Parlante Portátil,Electrónica,3,24216.39,72649.17,Valentina Bautista Garcia Molina
1968,2025-10-12,Belgrano,Campera de Abrigo,Indumentaria,2,32838.75,65677.5,Thiago Benjamin Ruiz
1703,2025-10-12,Belgrano,Auriculares Bluetooth,Electrónica,2,17476.89,34953.78,Thiago Benjamin Mia Jazmin Rodriguez
2472,2025-10-12,Nuñez,Pelota de Fútbol,Deportes,2,11832.59,23665.18,Thiago Fausto Gomez Sanchez
2295,2025-10-12,Nuñez,Pelota de Fútbol,Deportes,1,12106.61,12106.61,Felipe Martinez
1576,2025-10-12,Nuñez,Set de Vasos,Hogar,5,7911.23,39556.15,Gael Benjamin Gutierrez Torres
1883,2025-10-12,Nuñez,Campera de Abrigo,Indumentaria,1,32573.18,32573.18,Matias Giuliana Alvarez Sosa
1620,2025-10-12,Nuñez,Cargador USB-C,Electrónica,4,6819.95,27279.8,Dr(a). Geronimo Diaz
2341,2025-10-12,Palermo,Botella Térmica,Deportes,3,10447.99,31343.97,Emma Gonzalez Rivero
2921,2025-10-12,Nuñez,Pelota de Fútbol,Deportes,1,11752.32,11752.32,Sr(a). Juliana Rodriguez
1566,2025-10-13,Belgrano,Remera Básica,Indumentaria,1,8871.52,8871.52,Bautista Benjamin Aguirre Valdez
561,2025-10-14,Belgrano,Botella Térmica,Deportes,3,10447.25,31341.75,Isabella Luca Maidana Bustos
1668,2025-10-14,Belgrano,Botella Térmica,Deportes,4,9969.49,39877.96,Alfonsina Carrizo
1689,2025-10-14,Palermo,Remera Básica,Indumentaria,3,9021.82,27065.46,Gabriel Romero
1605,2025-10-14,Belgrano,Campera de Abrigo,Indumentaria,2,32266.34,64532.68,Jazmín Luciano Benjamin Figueroa
2146,2025-10-14,Palermo,Remera Básica,Indumentaria,1,9356.15,9356.15,Matias Sanchez Olivera
762,2025-10-15,Nuñez,Auriculares Bluetooth,Electrónica,1,17255.5,17255.5,Martin Santino Ferreyra
1289,2025-10-17,Palermo,Pelota de Fútbol,Deportes,5,11437.59,57187.95,Thiago Daniel Benjamin Vazquez
2635,2025-10-17,Nuñez,Parlante Portátil,Electrónica,4,25939.6,103758.4,Nicolas Rodriguez Vazquez
1805,2025-10-17,Nuñez,Campera de Abrigo,Indumentaria,4,31203.04,124812.16,Simon Ciro Vazquez
2300,2025-10-17,Nuñez,Campera de Abrigo,Indumentaria,5,31604.21,158021.05,Sr(a). Bautista Rodriguez
2942,2025-10-17,Belgrano,Juego de Sábanas,Hogar,1,14419.43,14419.43,Nicolas Sosa
2574,2025-10-17,Belgrano,Set de Vasos,Hogar,5,8297.92,41489.6,Dr(a). Valentino Escobar
612,2025-10-17,Palermo,Parlante Portátil,Electrónica,3,26022.31,78066.93,Tomàs Luna Nuñez
706,2025-10-17,Palermo,Juego de Sábanas,Hogar,3,14631.63,43894.89,Juan Ignacio Lucia Quiroga
1695,2025-10-17,Nuñez,Set de Vasos,Hogar,4,8133.58,32534.32,Sr(a). Santino Martinez
1365,2025-10-17,Belgrano,Auriculares Bluetooth,Electrónica,4,18641.28,74565.12,Ignacio Moreno
637,2025-10-18,Nuñez,Parlante Portátil,Electrónica,1,25058.0,25058.0,Sr(a). Zoe Valentina Vega
1514,2025-10-18,Belgrano,Set de Vasos,Hogar,1,8074.11,8074.11,Tiziano Benjamin Cardozo
2391,2025-10-18,Nuñez,Remera Básica,Indumentaria,1,8632.32,8632.32,Juan Ignacio Acosta
1743,2025-10-18,Palermo,Botella Térmica,Deportes,1,10034.29,10034.29,Juan Cruz Isabella Rodriguez Moyano
1408,2025-10-19,Palermo,Parlante Portátil,Electrónica,2,25831.01,51662.02,Sofia Abril Romero
1445,2025-10-19,Palermo,Campera de Abrigo,Indumentaria,3,30857.85,92573.55,Juana Francesca Gomez
1114,2025-10-19,Palermo,Set de Vasos,Hogar,5,8390.84,41954.2,Lucas Isabel Perez Gonzalez
2990,2025-10-19,Palermo,Pelota de Fútbol,Deportes,4,12588.7,50354.8,Francisco Victoria Vargas
2573,2025-10-19,Belgrano,Cargador USB-C,Electrónica,4,6383.72,25534.88,Sr(a). Constanza Gutierrez
651,2025-10-19,Nuñez,Cargador USB-C,Electrónica,5,6423.0,32115.0,Sr(a). Alejo Benitez
2600,2025-10-19,Palermo,Parlante Portátil,Electrónica,2,23985.9,47971.8,Dr(a). Maria Victoria Rivero
2931,2025-10-19,Belgrano,Parlante Portátil,Electrónica,1,25285.77,25285.77,Lautaro Tomàs Medina Villalba
755,2025-10-19,Palermo,Remera Básica,Indumentaria,1,8597.27,8597.27,Dr(a). Isabella Garcia
2145,2025-10-19,Palermo,Botella Térmica,Deportes,2,9550.3,19100.6,Thiago Valentin Juan Francisco Rivero
434,2025-10-19,Palermo,Set de Vasos,Hogar,2,7896.82,15793.64,Dr(a). Valentina Guzman
768,2025-10-20,Nuñez,Juego de Sábanas,Hogar,4,15323.1,61292.4,Juan Pablo Lopez
2719,2025-10-20,Nuñez,Juego de Sábanas,Hogar,5,14974.08,74870.4,Dr(a). Emilia Alvarez
1285,2025-10-21,Nuñez,Auriculares Bluetooth,Electrónica,2,18359.54,36719.08,Ian Ezequiel Tiziano Dominguez
480,2025-10-21,Nuñez,Cargador USB-C,Electrónica,3,6346.68,19040.04,Juan Cruz Mia Valentina Bustos Gomez
850,2025-10-22,Nuñez,Pelota de Fútbol,Deportes,1,12317.66,12317.66,Candela Thiago Benjamin Vega Escobar
405,2025-10-22,Belgrano,Campera de Abrigo,Indumentaria,5,31228.23,156141.15,Facundo Mendoza Acosta
1336,2025-10-22,Belgrano,Auriculares Bluetooth,Electrónica,4,17271.22,69084.88,Santiago Victoria Sanchez
825,2025-10-22,Belgrano,Pelota de Fútbol,Deportes,2,11475.54,22951.08,Isabella Agustin Perez
2233,2025-10-22,Belgrano,Juego de Sábanas,Hogar,5,15532.78,77663.9,Sr(a). Renata Avila
1556,2025-10-23,Nuñez,Remera Básica,Indumentaria,4,8719.17,34876.68,Sr(a). Felipe Sanchez
185,2025-10-23,Nuñez,Cargador USB-C,Electrónica,2,6634.95,13269.9,Luz Maria Ezequiel Rodriguez
953,2025-10-24,Nuñez,Botella Térmica,Deportes,3,9968.22,29904.66,Sofia Cardozo Lopez
482,2025-10-24,Nuñez,Parlante Portátil,Electrónica,3,25986.32,77958.96,Ian Ezequiel Lopez Cruz
982,2025-10-24,Palermo,Cargador USB-C,Electrónica,2,6254.94,12509.88,Benjamin Lucio Gonzalez
510,2025-10-24,Palermo,Botella Térmica,Deportes,2,10010.92,20021.84,Sr(a). Martina Romero
336,2025-10-24,Palermo,Remera Básica,Indumentaria,5,9435.25,47176.25,Sr(a). Guadalupe Avila
451,2025-10-24,Nuñez,Parlante Portátil,Electrónica,2,24422.71,48845.42,Dr(a). Mia Gimenez
929,2025-10-24,Palermo,Pelota de Fútbol,Deportes,1,11962.66,11962.66,Juan Ignacio Coronel
186,2025-10-24,Nuñez,Pelota de Fútbol,Deportes,3,11513.41,34540.23,Sol Mia Paz
2900,2025-10-24,Belgrano,Pelota de Fútbol,Deportes,2,12137.43,24274.86,Valentina Godoy
763,2025-10-25,Belgrano,Parlante Portátil,Electrónica,2,25990.0,51980.0,Julia Sol Ponce Coronel
2143,2025-10-25,Nuñez,Auriculares Bluetooth,Electrónica,3,18233.75,54701.25,Josefina Maldonado
513,2025-10-25,Palermo,Pelota de Fútbol,Deportes,5,12055.94,60279.7,Bautista Benjamin Ema Moreno
1026,2025-10-26,Nuñez,Campera de Abrigo,Indumentaria,5,30499.03,152495.15,Agustina Benicio Aguero
2815,2025-10-26,Palermo,Remera Básica,Indumentaria,3,9353.51,28060.53,Felipe Agustin Gonzalez
367,2025-10-26,Belgrano,Remera Básica,Indumentaria,4,9113.04,36452.16,Alejo Valentin Cabrera
2982,2025-10-26,Belgrano,Auriculares Bluetooth,Electrónica,5,17428.77,87143.85,Valentina Martinez
1464,2025-10-26,Nuñez,Remera Básica,Indumentaria,3,8944.73,26834.19,Victoria Navarro Lopez
80,2025-10-27,Palermo,Remera Básica,Indumentaria,1,9228.81,9228.81,Manuel Miguel Angel Nuñez
2365,2025-10-27,Belgrano,Set de Vasos,Hogar,1,8071.71,8071.71,Maria Victoria Alvarez Nuñez
1508,2025-10-27,Nuñez,Remera Básica,Indumentaria,3,9020.93,27062.79,Pedro Victoria Leiva Molina
1167,2025-10-28,Nuñez,Juego de Sábanas,Hogar,5,14402.92,72014.6,Isabel Máximo Morales Rodriguez
2960,2025-10-28,Belgrano,Juego de Sábanas,Hogar,3,14751.01,44253.03,Guillermina Gomez
524,2025-10-29,Belgrano,Auriculares Bluetooth,Electrónica,5,17248.22,86241.1,Emma Rodriguez Luna
457,2025-10-29,Belgrano,Remera Básica,Indumentaria,2,9015.56,18031.12,Bruno Joaquín Ramos
2611,2025-10-29,Nuñez,Set de Vasos,Hogar,2,7688.71,15377.42,Francisco Thiago Nicolas Benitez Pereyra
1176,2025-10-29,Belgrano,Botella Térmica,Deportes,2,10465.68,20931.36,Sara Juan Pablo Acosta Ramos
2917,2025-10-30,Palermo,Set de Vasos,Hogar,1,8076.5,8076.5,Olivia Chavez Rodriguez
2765,2025-10-30,Palermo,Auriculares Bluetooth,Electrónica,4,18173.63,72694.52,Delfina Ponce
849,2025-10-31,Nuñez,Set de Vasos,Hogar,3,7933.73,23801.19,Bautista Olivera
2559,2025-10-31,Nuñez,Parlante Portátil,Electrónica,4,24845.39,99381.56,Sr(a). Thiago Ezequiel Diaz
782,2025-10-31,Belgrano,Parlante Portátil,Electrónica,5,23864.5,119322.5,Sr(a). Luca Gomez
42,2025-10-31,Nuñez,Botella Térmica,Deportes,5,9799.38,48996.9,Benjamin Nicolas Nuñez Gonzalez
428,2025-10-31,Belgrano,Auriculares Bluetooth,Electrónica,4,17382.79,69531.16,Luciano Fernandez Ramirez
492,2025-10-31,Belgrano,Cargador USB-C,Electrónica,4,6443.02,25772.08,Santiago Fernandez Sanchez
1107,2025-10-31,Belgrano,Auriculares Bluetooth,Electrónica,4,17482.98,69931.92,Luciana Lautaro Benjamin Mendez Diaz
2420,2025-10-31,Palermo,Cargador USB-C,Electrónica,5,6575.79,32878.95,Jeronimo Cordoba Gomez
487,2025-11-01,Belgrano,Cargador USB-C,Electrónica,5,6673.89,33369.45,Mia Jazmin Valentin Lopez
144,2025-11-01,Belgrano,Pelota de Fútbol,Deportes,4,12138.78,48555.12,Santino Benjamin Sanchez Peralta
493,2025-11-01,Nuñez,Botella Térmica,Deportes,3,9863.34,29590.02,Benjamin Olivia Acosta
579,2025-11-01,Palermo,Remera Básica,Indumentaria,2,8628.16,17256.32,Sr(a). Tiziano Roldan
2414,2025-11-01,Belgrano,Parlante Portátil,Electrónica,5,24399.07,121995.35,Juan Bautista Joaquina Quiroga Moreno
2248,2025-11-01,Nuñez,Auriculares Bluetooth,Electrónica,2,18388.21,36776.42,Catalina Flores
1586,2025-11-02,Nuñez,Auriculares Bluetooth,Electrónica,1,17790.04,17790.04,Helena Vargas
13,2025-11-02,Palermo,Remera Básica,Indumentaria,4,8678.58,34714.32,Mateo Ezequiel Olivia Acosta
2461,2025-11-02,Belgrano,Set de Vasos,Hogar,4,7913.21,31652.84,Paloma Jeremias Herrera Correa
388,2025-11-02,Belgrano,Pelota de Fútbol,Deportes,3,11697.92,35093.76,Martin Guillermina Aguirre Blanco
368,2025-11-02,Belgrano,Juego de Sábanas,Hogar,1,14251.63,14251.63,Benjamin Diaz Fernandez
1491,2025-11-02,Belgrano,Cargador USB-C,Electrónica,3,6735.29,20205.87,Delfina Juana Fernandez Arias
1994,2025-11-02,Nuñez,Cargador USB-C,Electrónica,2,6429.02,12858.04,Thiago Gabriel Fernandez Moyano
1348,2025-11-02,Nuñez,Botella Térmica,Deportes,5,9605.66,48028.3,Catalina Sanchez
576,2025-11-02,Nuñez,Campera de Abrigo,Indumentaria,5,30583.88,152919.4,Tiziano Valentin Lucas Gonzalez Soria
2129,2025-11-03,Belgrano,Pelota de Fútbol,Deportes,5,12170.1,60850.5,Sr(a). Emma Lopez
1864,2025-11-03,Belgrano,Pelota de Fútbol,Deportes,3,12251.88,36755.64,Lola Martina Guzman Gonzalez
1574,2025-11-03,Belgrano,Auriculares Bluetooth,Electrónica,3,17932.39,53797.17,Juan Pablo Luna Rivero
2444,2025-11-04,Nuñez,Parlante Portátil,Electrónica,5,24095.26,120476.3,Sr(a). Ian Benjamin Cordoba
2011,2025-11-04,Palermo,Set de Vasos,Hogar,3,7932.46,23797.38,Bruno Nahuel Lucero
1180,2025-11-04,Nuñez,Remera Básica,Indumentaria,3,8591.55,25774.65,Dr(a). Bautista Benjamin Fernandez
1651,2025-11-04,Belgrano,Botella Térmica,Deportes,3,9663.29,28989.87,Lola Morales
495,2025-11-05,Palermo,Cargador USB-C,Electrónica,3,6405.84,19217.52,Helena Isabella Gomez Sanchez
2655,2025-11-05,Palermo,Auriculares Bluetooth,Electrónica,1,18774.93,18774.93,Isabella Roldan Alvarez
1090,2025-11-05,Belgrano,Pelota de Fútbol,Deportes,5,11514.64,57573.2,Guillermina Sofia Ponce
572,2025-11-06,Nuñez,Campera de Abrigo,Indumentaria,2,31829.1,63658.2,Luca Quiroga Rodriguez
1314,2025-11-06,Belgrano,Juego de Sábanas,Hogar,1,15652.46,15652.46,Juan Ignacio Romero Ruiz
2319,2025-11-06,Belgrano,Set de Vasos,Hogar,1,8090.96,8090.96,Luciano Benjamin Luciano Morales
531,2025-11-07,Palermo,Botella Térmica,Deportes,2,10033.47,20066.94,Julieta Rodriguez
1690,2025-11-07,Palermo,Pelota de Fútbol,Deportes,1,12049.51,12049.51,Enzo Maldonado
2438,2025-11-07,Palermo,Parlante Portátil,Electrónica,3,26017.26,78051.78,Luana Mateo Sanchez Gomez
1148,2025-11-07,Nuñez,Set de Vasos,Hogar,3,7613.3,22839.9,Dr(a). Santiago Gonzalez
699,2025-11-07,Nuñez,Set de Vasos,Hogar,5,8057.83,40289.15,Lucía Juan Bautista Ramirez Quiroga
2285,2025-11-07,Nuñez,Auriculares Bluetooth,Electrónica,1,18629.31,18629.31,Santino Benjamin Martinez Paz
1661,2025-11-07,Nuñez,Auriculares Bluetooth,Electrónica,5,17846.78,89233.9,Mia Valentina Valentina Juarez Ramirez
734,2025-11-07,Palermo,Auriculares Bluetooth,Electrónica,5,17624.71,88123.55,Thiago Benjamin Josefina Figueroa Quiroga
2978,2025-11-08,Belgrano,Pelota de Fútbol,Deportes,1,12444.86,12444.86,Maximo Benjamin Lucero
1351,2025-11-08,Belgrano,Auriculares Bluetooth,Electrónica,3,17578.04,52734.12,Joaquin Avila
2008,2025-11-08,Nuñez,Juego de Sábanas,Hogar,1,15532.85,15532.85,Juan Martin Luisana Nuñez
548,2025-11-09,Palermo,Botella Térmica,Deportes,5,10184.16,50920.8,Benicio Lautaro Nicolas Medina Cordoba
2134,2025-11-09,Nuñez,Campera de Abrigo,Indumentaria,3,32480.61,97441.83,Luna Isabel Vazquez Juarez
2784,2025-11-09,Belgrano,Set de Vasos,Hogar,1,8111.29,8111.29,Valentino Rios Herrera
1260,2025-11-09,Belgrano,Campera de Abrigo,Indumentaria,4,33079.8,132319.2,Dr(a). Sofía Cabrera
1481,2025-11-09,Belgrano,Set de Vasos,Hogar,2,7971.79,15943.58,Agustina Rodriguez
2135,2025-11-10,Palermo,Botella Térmica,Deportes,2,10402.25,20804.5,Thiago Lucio Ponce Alvarez
2941,2025-11-11,Nuñez,Botella Térmica,Deportes,1,10174.57,10174.57,Dr(a). Joaquin Fernandez
511,2025-11-11,Nuñez,Set de Vasos,Hogar,4,7910.04,31640.16,Juan Pablo Rodriguez Escobar
1989,2025-11-11,Palermo,Set de Vasos,Hogar,4,8248.22,32992.88,Sofia Acosta
2699,2025-11-12,Belgrano,Set de Vasos,Hogar,3,8288.62,24865.86,Sofía Acosta
1816,2025-11-12,Belgrano,Campera de Abrigo,Indumentaria,1,30614.1,30614.1,Dr(a). Joaquín Sanchez
129,2025-11-13,Nuñez,Pelota de Fútbol,Deportes,4,12481.45,49925.8,Mateo Benjamin Ponce
2411,2025-11-13,Nuñez,Set de Vasos,Hogar,4,8320.89,33283.56,Sr(a). Juan Martin Diaz
1469,2025-11-13,Belgrano,Pelota de Fútbol,Deportes,1,11648.21,11648.21,Ciro Micaela Ramos Ledesma
2469,2025-11-13,Nuñez,Juego de Sábanas,Hogar,5,14603.78,73018.9,Dr(a). Maria Victoria Garcia
1394,2025-11-14,Belgrano,Pelota de Fútbol,Deportes,4,12237.18,48948.72,Valentin Gutierrez Herrera
436,2025-11-14,Nuñez,Parlante Portátil,Electrónica,3,25770.45,77311.35,Paulina Guillermina Gutierrez
2231,2025-11-14,Nuñez,Juego de Sábanas,Hogar,2,14605.19,29210.38,Santino Lautaro Muñoz Ruiz
1906,2025-11-14,Palermo,Cargador USB-C,Electrónica,5,6269.51,31347.55,Juan Ignacio Maidana Mendez
1050,2025-11-14,Belgrano,Campera de Abrigo,Indumentaria,4,32319.24,129276.96,Francesco Alvarez
697,2025-11-14,Palermo,Parlante Portátil,Electrónica,5,24496.1,122480.5,Benjamin Rodriguez Perez
1698,2025-11-14,Nuñez,Campera de Abrigo,Indumentaria,5,30744.95,153724.75,Dr(a). Juan Diaz
1002,2025-11-14,Belgrano,Pelota de Fútbol,Deportes,3,11507.18,34521.54,Santino Nicolas Sanchez Acosta
170,2025-11-14,Nuñez,Pelota de Fútbol,Deportes,2,11874.32,23748.64,Santino Gonzalez
1552,2025-11-15,Nuñez,Campera de Abrigo,Indumentaria,4,32659.92,130639.68,Emilia Sosa Bravo
1786,2025-11-15,Palermo,Campera de Abrigo,Indumentaria,3,31335.52,94006.56,Bianca Salvador Castillo
1344,2025-11-15,Palermo,Cargador USB-C,Electrónica,5,6331.34,31656.7,Federico Uma Morales
1672,2025-11-15,Belgrano,Set de Vasos,Hogar,5,8061.73,40308.65,Sr(a). Thiago Nahuel Sanchez
2292,2025-11-15,Nuñez,Cargador USB-C,Electrónica,2,6507.08,13014.16,Sr(a). Lisandro Castillo
2014,2025-11-15,Belgrano,Cargador USB-C,Electrónica,1,6406.57,6406.57,Francesca Gael Roldan Ramirez
2689,2025-11-15,Nuñez,Pelota de Fútbol,Deportes,2,12208.0,24416.0,Luisana Olivia Nuñez Ferreyra
479,2025-11-16,Nuñez,Cargador USB-C,Electrónica,1,6681.69,6681.69,Jazmin Diaz
980,2025-11-16,Nuñez,Botella Térmica,Deportes,1,10426.63,10426.63,Santino Ezequiel Pedro Gomez
9,2025-11-17,Palermo,Remera Básica,Indumentaria,1,9098.22,9098.22,Sebastian Rojas Valdez
1331,2025-11-18,Palermo,Botella Térmica,Deportes,4,10182.13,40728.52,Sr(a). Sofia Gonzalez
139,2025-11-19,Nuñez,Remera Básica,Indumentaria,4,9290.18,37160.72,Lara Fausto Ferreyra
1793,2025-11-19,Nuñez,Auriculares Bluetooth,Electrónica,4,17704.14,70816.56,Angel Gabriel Sosa Perez
529,2025-11-20,Belgrano,Auriculares Bluetooth,Electrónica,1,18254.56,18254.56,Dr(a). Dante Ramos
249,2025-11-20,Belgrano,Remera Básica,Indumentaria,4,9075.33,36301.32,Julia Ian Ezequiel Rivero Perez
2906,2025-11-20,Nuñez,Campera de Abrigo,Indumentaria,2,32916.8,65833.6,Lorenzo Medina
1475,2025-11-20,Palermo,Campera de Abrigo,Indumentaria,4,30884.59,123538.36,Sr(a). Malena Morales
2150,2025-11-21,Palermo,Set de Vasos,Hogar,1,8376.24,8376.24,Constanza Isabella Guzman
1386,2025-11-21,Palermo,Remera Básica,Indumentaria,1,9181.42,9181.42,Luz Milagros Thiago Benjamin Blanco
1853,2025-11-21,Nuñez,Set de Vasos,Hogar,5,8254.29,41271.45,Valentina  Fernandez
1808,2025-11-21,Palermo,Pelota de Fútbol,Deportes,5,12325.66,61628.3,Agustín Emma Navarro Pereyra
1297,2025-11-21,Belgrano,Pelota de Fútbol,Deportes,5,12266.74,61333.7,Felicitas Tomas Ledesma
815,2025-11-21,Nuñez,Auriculares Bluetooth,Electrónica,1,17299.74,17299.74,Zoe Jazmin Valentina Bustos
2538,2025-11-21,Belgrano,Pelota de Fútbol,Deportes,3,11681.72,35045.16,Felipe Ramirez Diaz
2658,2025-11-22,Nuñez,Botella Térmica,Deportes,3,9670.97,29012.91,Martina Paulina Maidana Bustos
2100,2025-11-22,Palermo,Auriculares Bluetooth,Electrónica,5,18329.73,91648.65,Bruno Ferreyra
963,2025-11-22,Belgrano,Pelota de Fútbol,Deportes,3,11505.16,34515.48,Luisina Abril Gomez
884,2025-11-22,Nuñez,Cargador USB-C,Electrónica,5,6620.49,33102.45,Sr(a). Mia Gonzalez
140,2025-11-22,Palermo,Remera Básica,Indumentaria,1,9107.59,9107.59,Maria Guadalupe Diaz Gonzalez
886,2025-11-23,Nuñez,Campera de Abrigo,Indumentaria,3,31425.54,94276.62,Simon Gomez
1918,2025-11-23,Nuñez,Remera Básica,Indumentaria,3,9087.98,27263.94,Mateo Josefina Morales
1801,2025-11-23,Nuñez,Juego de Sábanas,Hogar,1,14913.77,14913.77,Gael Gonzalez Gomez
2486,2025-11-23,Belgrano,Set de Vasos,Hogar,5,7928.74,39643.7,Victoria Zoe Ruiz Castro
2707,2025-11-23,Belgrano,Juego de Sábanas,Hogar,1,15043.3,15043.3,Zoe Jazmin Gonzalez Lopez
2932,2025-11-23,Belgrano,Botella Térmica,Deportes,1,9887.21,9887.21,Julia Mateo Alvarez
1507,2025-11-23,Nuñez,Set de Vasos,Hogar,3,8092.08,24276.24,Olivia Ledesma Pereyra
977,2025-11-24,Belgrano,Set de Vasos,Hogar,5,7625.58,38127.9,Dr(a). Pilar Garcia
2740,2025-11-24,Nuñez,Cargador USB-C,Electrónica,3,6712.65,20137.95,Maria Paz Emilia Diaz
372,2025-11-24,Belgrano,Parlante Portátil,Electrónica,5,25158.23,125791.15,Agustín Silva Muñoz
1573,2025-11-25,Nuñez,Auriculares Bluetooth,Electrónica,1,17832.93,17832.93,Camilo Joaquin Gomez
2096,2025-11-25,Nuñez,Campera de Abrigo,Indumentaria,2,32069.52,64139.04,Dr(a). Maria Victoria Ponce
218,2025-11-26,Palermo,Auriculares Bluetooth,Electrónica,1,17357.0,17357.0,Martina Villalba
279,2025-11-27,Palermo,Pelota de Fútbol,Deportes,5,11986.59,59932.95,Sr(a). Ian Benjamin Bustos
2046,2025-11-27,Belgrano,Cargador USB-C,Electrónica,2,6732.54,13465.08,Luz Milagros Arias Ayala
1809,2025-11-28,Nuñez,Remera Básica,Indumentaria,1,9062.28,9062.28,Valentino Pedro Ayala
1370,2025-11-28,Belgrano,Parlante Portátil,Electrónica,3,25309.49,75928.47,Lucio Avila
2383,2025-11-28,Belgrano,Botella Térmica,Deportes,4,10333.44,41333.76,Ana Paula Moreno Villalba
252,2025-11-28,Palermo,Campera de Abrigo,Indumentaria,5,33434.26,167171.3,Candela Lisandro Chavez
1275,2025-11-28,Nuñez,Cargador USB-C,Electrónica,2,6820.72,13641.44,Malena Ciro Cabrera Rodriguez
1723,2025-11-28,Belgrano,Botella Térmica,Deportes,1,10470.89,10470.89,Lautaro Ezequiel Gabriel Garcia Lucero
1535,2025-11-28,Belgrano,Juego de Sábanas,Hogar,2,15371.11,30742.22,Mateo Juan Ignacio Toledo
1745,2025-11-28,Nuñez,Campera de Abrigo,Indumentaria,2,30715.68,61431.36,Lucía  Mateo Ezequiel Gomez
2082,2025-11-28,Palermo,Botella Térmica,Deportes,3,9529.96,28589.88,Julieta Olivera
2037,2025-11-28,Palermo,Campera de Abrigo,Indumentaria,3,32245.41,96736.23,Agostina Isabella Campos
2170,2025-11-29,Belgrano,Campera de Abrigo,Indumentaria,4,32395.0,129580.0,Maria Victoria Olivera Suarez
2812,2025-11-29,Palermo,Pelota de Fútbol,Deportes,1,11924.32,11924.32,Dr(a). Nahiara Ponce
452,2025-11-29,Nuñez,Campera de Abrigo,Indumentaria,2,32471.59,64943.18,Dr(a). Paloma Garcia
1284,2025-11-29,Palermo,Remera Básica,Indumentaria,4,8786.54,35146.16,Sr(a). Olivia Alvarez
2703,2025-11-30,Belgrano,Set de Vasos,Hogar,1,8314.64,8314.64,Josefina Catalina Flores Velazquez
128,2025-11-30,Nuñez,Campera de Abrigo,Indumentaria,5,30857.98,154289.9,Thiago Joaquin Garcia Alvarez
1702,2025-11-30,Palermo,Remera Básica,Indumentaria,2,8798.97,17597.94,Sr(a). Mia Morena Bravo
2588,2025-11-30,Nuñez,Remera Básica,Indumentaria,5,9165.92,45829.6,Emilia Gomez Alvarez
2246,2025-11-30,Belgrano,Cargador USB-C,Electrónica,5,6266.4,31332.0,Isabella Milena Flores
508,2025-11-30,Belgrano,Juego de Sábanas,Hogar,1,15285.89,15285.89,Lautaro Benjamin Carrizo Sanchez
1806,2025-11-30,Nuñez,Remera Básica,Indumentaria,2,8608.19,17216.38,Miguel Angel Agustin Garcia
2758,2025-12-01,Belgrano,Botella Térmica,Deportes,4,9618.74,38474.96,Julieta Ramirez Silva
1763,2025-12-01,Palermo,Botella Térmica,Deportes,4,9503.42,38013.68,Dr(a). Matilda Acosta
1209,2025-12-01,Palermo,Parlante Portátil,Electrónica,3,24824.16,74472.48,Lisandro Arias Lopez
2957,2025-12-02,Palermo,Cargador USB-C,Electrónica,5,6749.96,33749.8,Juan Cruz Juana Escobar
445,2025-12-02,Nuñez,Pelota de Fútbol,Deportes,2,11561.26,23122.52,Antonia Julian Cabrera Fernandez
2851,2025-12-02,Belgrano,Auriculares Bluetooth,Electrónica,1,17624.17,17624.17,Lucia Lopez
105,2025-12-04,Palermo,Pelota de Fútbol,Deportes,3,12345.39,37036.17,Dr(a). Valentin Benitez
425,2025-12-04,Belgrano,Parlante Portátil,Electrónica,4,23934.27,95737.08,Jeremias Camilo Ramirez Godoy
2168,2025-12-04,Palermo,Parlante Portátil,Electrónica,5,24125.85,120629.25,Agustín Tomàs Gonzalez Gomez
2916,2025-12-05,Belgrano,Auriculares Bluetooth,Electrónica,2,18028.29,36056.58,Felipe Bravo Godoy
1360,2025-12-05,Palermo,Auriculares Bluetooth,Electrónica,3,18326.6,54979.8,Dr(a). Martín Benitez
1170,2025-12-05,Palermo,Cargador USB-C,Electrónica,2,6599.32,13198.64,Luciana Simon Lopez Ledesma
2084,2025-12-05,Palermo,Cargador USB-C,Electrónica,1,6460.34,6460.34,Paula Lopez
1919,2025-12-05,Nuñez,Juego de Sábanas,Hogar,3,15318.93,45956.79,Martina Benitez Gonzalez
1235,2025-12-05,Nuñez,Cargador USB-C,Electrónica,3,6740.52,20221.56,Manuel Julian Toledo Ledesma
1182,2025-12-05,Palermo,Botella Térmica,Deportes,1,9737.1,9737.1,Martina Acuña Lopez
1601,2025-12-06,Belgrano,Remera Básica,Indumentaria,4,9179.61,36718.44,Juan Ignacio Santino Fernandez Coronel
1531,2025-12-06,Palermo,Pelota de Fútbol,Deportes,2,12162.36,24324.72,Joaquin Thiago Benjamin Suarez Valdez
1568,2025-12-06,Nuñez,Parlante Portátil,Electrónica,5,25172.67,125863.35,Lucía Agustin Ledesma Gomez
450,2025-12-06,Belgrano,Juego de Sábanas,Hogar,1,14829.85,14829.85,Ignacio Mora Lopez
1303,2025-12-06,Nuñez,Set de Vasos,Hogar,3,8161.67,24485.01,Santino Ojeda Morales
145,2025-12-07,Palermo,Set de Vasos,Hogar,4,7955.76,31823.04,Camila Vera
22,2025-12-07,Nuñez,Botella Térmica,Deportes,3,9898.99,29696.97,Dr(a). Thiago Valentin Flores
2805,2025-12-07,Nuñez,Auriculares Bluetooth,Electrónica,5,17945.97,89729.85,Luca Lautaro Nicolas Romero Gonzalez
93,2025-12-07,Nuñez,Cargador USB-C,Electrónica,2,6655.09,13310.18,Agostina Farias
2799,2025-12-07,Palermo,Juego de Sábanas,Hogar,1,15134.54,15134.54,Juana Ramiro Cordoba
1866,2025-12-07,Palermo,Juego de Sábanas,Hogar,1,15743.76,15743.76,Dr(a). Olivia Gomez
274,2025-12-07,Nuñez,Auriculares Bluetooth,Electrónica,3,17761.58,53284.74,Antonella Gonzalez Gonzalez
473,2025-12-07,Palermo,Auriculares Bluetooth,Electrónica,4,17784.46,71137.84,Paula Genaro Fernandez Cabrera
2882,2025-12-08,Belgrano,Cargador USB-C,Electrónica,3,6405.51,19216.53,Genaro Bustos
2789,2025-12-08,Nuñez,Campera de Abrigo,Indumentaria,3,32457.02,97371.06,Manuel Sanchez
1110,2025-12-11,Nuñez,Campera de Abrigo,Indumentaria,2,32433.13,64866.26,Martín Julieta Castro Ortiz
1041,2025-12-11,Belgrano,Campera de Abrigo,Indumentaria,2,30598.41,61196.82,Julian Bianca Lopez
350,2025-12-11,Belgrano,Parlante Portátil,Electrónica,4,24795.6,99182.4,Sr(a). Matias Fernandez
2435,2025-12-11,Belgrano,Campera de Abrigo,Indumentaria,3,31531.91,94595.73,Maria Belen Lopez
1753,2025-12-12,Nuñez,Set de Vasos,Hogar,5,7829.15,39145.75,Bruno Moreno
2816,2025-12-12,Belgrano,Parlante Portátil,Electrónica,5,25914.26,129571.3,Kiara Rodriguez Gutierrez
1065,2025-12-12,Nuñez,Remera Básica,Indumentaria,4,8976.38,35905.52,Luciana Paz Herrera
1181,2025-12-12,Belgrano,Botella Térmica,Deportes,3,10106.17,30318.51,Juan Cruz Santino Benjamin Gomez Pereyra
2436,2025-12-12,Palermo,Parlante Portátil,Electrónica,1,26018.33,26018.33,Agustina Lorenzo Gomez Figueroa
1061,2025-12-12,Palermo,Parlante Portátil,Electrónica,5,24823.85,124119.25,Octavio Camila Fernandez Guzman
330,2025-12-12,Nuñez,Set de Vasos,Hogar,5,8225.58,41127.9,Mora Gimenez Medina
1604,2025-12-12,Nuñez,Parlante Portátil,Electrónica,5,24480.83,122404.15,Nicolas Juana Mendez
2625,2025-12-12,Palermo,Campera de Abrigo,Indumentaria,5,31740.8,158704.0,Martina Flores Diaz
1263,2025-12-12,Belgrano,Set de Vasos,Hogar,1,7724.71,7724.71,Dr(a). Luz Milagros Torres
2249,2025-12-12,Palermo,Remera Básica,Indumentaria,1,9248.73,9248.73,Sr(a). Sebastian Lopez
2450,2025-12-13,Nuñez,Set de Vasos,Hogar,2,7704.47,15408.94,Francesca Morena Gonzalez
299,2025-12-13,Nuñez,Cargador USB-C,Electrónica,2,6432.81,12865.62,Martina Victoria Coronel Ayala
776,2025-12-13,Belgrano,Juego de Sábanas,Hogar,1,15195.93,15195.93,Lara Lopez
742,2025-12-13,Palermo,Parlante Portátil,Electrónica,4,25308.12,101232.48,Sr(a). Agostina Perez
210,2025-12-13,Palermo,Remera Básica,Indumentaria,2,9280.35,18560.7,Olivia Mateo Valentin Gimenez
2340,2025-12-14,Belgrano,Campera de Abrigo,Indumentaria,4,33172.47,132689.88,Sr(a). Martina Torres
1294,2025-12-14,Belgrano,Remera Básica,Indumentaria,5,8900.22,44501.1,Sr(a). Isabella Fernandez
1722,2025-12-14,Nuñez,Juego de Sábanas,Hogar,3,14598.85,43796.55,Juan Ignacio Martina Fernandez Hernandez
311,2025-12-14,Palermo,Campera de Abrigo,Indumentaria,1,32491.95,32491.95,Benjamin Cardozo Lopez
1846,2025-12-14,Belgrano,Set de Vasos,Hogar,1,7632.1,7632.1,Juana Martina Fernandez Vargas
567,2025-12-14,Belgrano,Campera de Abrigo,Indumentaria,4,30828.43,123313.72,Dr(a). Augusto Perez
2313,2025-12-14,Palermo,Auriculares Bluetooth,Electrónica,1,18517.86,18517.86,Benjamin Pedro Fernandez
1229,2025-12-14,Nuñez,Juego de Sábanas,Hogar,5,14933.16,74665.8,Sr(a). Simon Blanco
121,2025-12-15,Belgrano,Auriculares Bluetooth,Electrónica,4,17520.41,70081.64,Lucía Perez
2946,2025-12-15,Nuñez,Set de Vasos,Hogar,1,7972.73,7972.73,Emilia Blanco
2819,2025-12-16,Belgrano,Campera de Abrigo,Indumentaria,2,31139.48,62278.96,Lucia Sosa
2397,2025-12-16,Nuñez,Cargador USB-C,Electrónica,2,6693.34,13386.68,Valentina Joaquin Fernandez Perez
916,2025-12-16,Nuñez,Remera Básica,Indumentaria,1,8866.67,8866.67,Giuliana Lautaro Benjamin Olivera
578,2025-12-16,Nuñez,Botella Térmica,Deportes,2,10174.02,20348.04,Alexander Garcia
1343,2025-12-16,Belgrano,Campera de Abrigo,Indumentaria,2,32267.05,64534.1,Santino Rodriguez Flores
2133,2025-12-17,Belgrano,Parlante Portátil,Electrónica,5,24932.44,124662.2,Thiago Gabriel Juan Manuel Aguirre
2622,2025-12-18,Belgrano,Juego de Sábanas,Hogar,4,14989.51,59958.04,León Bautista Silva
586,2025-12-19,Nuñez,Juego de Sábanas,Hogar,3,14868.64,44605.92,Catalina Rios
1368,2025-12-19,Nuñez,Campera de Abrigo,Indumentaria,5,30793.48,153967.4,Francesca Dante Diaz Castillo
3,2025-12-19,Nuñez,Auriculares Bluetooth,Electrónica,2,17908.58,35817.16,Martina Gomez
640,2025-12-19,Nuñez,Botella Térmica,Deportes,1,9866.35,9866.35,Dr(a). Ciro Fernandez
1162,2025-12-20,Palermo,Remera Básica,Indumentaria,3,8828.0,26484.0,Santino Ezequiel Diaz Gomez
2165,2025-12-20,Nuñez,Pelota de Fútbol,Deportes,4,11883.34,47533.36,Juan Ignacio Ruiz Sanchez
92,2025-12-20,Belgrano,Juego de Sábanas,Hogar,3,14627.11,43881.33,Santino Ezequiel Nahiara Garcia Moreno
2355,2025-12-20,Belgrano,Auriculares Bluetooth,Electrónica,4,17288.38,69153.52,Mia Valentina Santiago Gomez Rodriguez
738,2025-12-20,Belgrano,Juego de Sábanas,Hogar,3,15317.66,45952.98,Ciro Benjamin Sofia Sanchez Perez
2269,2025-12-21,Belgrano,Pelota de Fútbol,Deportes,3,11995.41,35986.23,Dr(a). Julieta Herrera
477,2025-12-21,Belgrano,Juego de Sábanas,Hogar,2,14309.11,28618.22,Benjamin Nicolas Soria
1641,2025-12-21,Belgrano,Remera Básica,Indumentaria,5,9222.89,46114.45,Santino Peralta
811,2025-12-21,Palermo,Set de Vasos,Hogar,5,8197.83,40989.15,Sr(a). Juan Ignacio Navarro
2210,2025-12-21,Belgrano,Parlante Portátil,Electrónica,3,24469.78,73409.34,Victoria Pedro Acuña Lucero
581,2025-12-21,Palermo,Botella Térmica,Deportes,1,10049.59,10049.59,Juan Bautista Bravo Rodriguez
1259,2025-12-21,Palermo,Campera de Abrigo,Indumentaria,1,32627.59,32627.59,Felipe Santiago Fernandez Gonzalez
812,2025-12-21,Belgrano,Auriculares Bluetooth,Electrónica,3,18228.26,54684.78,Santino Agustin Mateo Diaz
1139,2025-12-21,Palermo,Remera Básica,Indumentaria,4,8713.79,34855.16,Abigail Herrera
1991,2025-12-21,Belgrano,Juego de Sábanas,Hogar,1,14338.12,14338.12,Julieta Tiziano Benjamin Gimenez
1780,2025-12-21,Palermo,Set de Vasos,Hogar,3,7681.2,23043.6,Dr(a). Martina Ruiz
2265,2025-12-22,Belgrano,Cargador USB-C,Electrónica,1,6302.07,6302.07,Dr(a). Emma Perez
257,2025-12-22,Palermo,Set de Vasos,Hogar,4,7853.63,31414.52,Dr(a). Uma  Diaz
1526,2025-12-22,Belgrano,Pelota de Fútbol,Deportes,1,12565.37,12565.37,Juana Rodriguez Hernandez
835,2025-12-23,Nuñez,Remera Básica,Indumentaria,3,9422.65,28267.95,Federico Victoria Paz Gimenez
2832,2025-12-24,Nuñez,Pelota de Fútbol,Deportes,3,11649.89,34949.67,Máximo Morales
702,2025-12-24,Palermo,Botella Térmica,Deportes,5,10347.8,51739.0,Mateo Benjamin Francesca Godoy
2613,2025-12-24,Nuñez,Auriculares Bluetooth,Electrónica,1,17726.1,17726.1,Sofia Correa Escobar
1004,2025-12-25,Palermo,Cargador USB-C,Electrónica,3,6539.68,19619.04,Dr(a). Micaela Campos
1502,2025-12-26,Nuñez,Juego de Sábanas,Hogar,5,15537.98,77689.9,Juana Lara Gomez Suarez
642,2025-12-26,Belgrano,Campera de Abrigo,Indumentaria,5,31250.61,156253.05,Sr(a). Lautaro Benjamin Aguirre
248,2025-12-26,Nuñez,Set de Vasos,Hogar,4,8252.6,33010.4,Juan Cruz Renata Diaz Caceres
981,2025-12-26,Belgrano,Pelota de Fútbol,Deportes,5,11998.07,59990.35,Dr(a). Mia Valentina Acuña
2369,2025-12-26,Belgrano,Campera de Abrigo,Indumentaria,2,33557.7,67115.4,Dr(a). Tomàs Fernandez
2442,2025-12-26,Palermo,Botella Térmica,Deportes,3,10417.17,31251.51,Juan Manuel Ramos
2036,2025-12-26,Nuñez,Cargador USB-C,Electrónica,5,6330.08,31650.4,Benjamin Gonzalez Gonzalez
1027,2025-12-27,Nuñez,Pelota de Fútbol,Deportes,1,12379.54,12379.54,Sol Paez
1165,2025-12-27,Belgrano,Botella Térmica,Deportes,2,10077.16,20154.32,Dr(a). Luciano Fernandez
667,2025-12-27,Nuñez,Campera de Abrigo,Indumentaria,3,31950.92,95852.76,Sebastian Medina Dominguez
1130,2025-12-27,Nuñez,Remera Básica,Indumentaria,3,9176.81,27530.43,Simon Juan Ignacio Pereyra Lopez
1600,2025-12-27,Belgrano,Cargador USB-C,Electrónica,2,6667.04,13334.08,Sr(a). Lola Coronel
2322,2025-12-27,Palermo,Auriculares Bluetooth,Electrónica,1,18026.4,18026.4,Santiago Benjamin Felipe Fernandez
358,2025-12-28,Palermo,Juego de Sábanas,Hogar,4,14498.97,57995.88,Augusto Juan Fernandez
847,2025-12-28,Belgrano,Botella Térmica,Deportes,2,9699.26,19398.52,Dr(a). Maria Victoria Gonzalez
505,2025-12-28,Nuñez,Remera Básica,Indumentaria,3,9056.05,27168.15,Ian Simon Peralta Vera
1953,2025-12-28,Palermo,Pelota de Fútbol,Deportes,2,11594.5,23189.0,Joaquin Perez Gomez
1060,2025-12-29,Nuñez,Remera Básica,Indumentaria,2,9344.45,18688.9,Valentina Sanchez
2529,2025-12-29,Belgrano,Cargador USB-C,Electrónica,2,6448.56,12897.12,Justina Joaquin Coronel Gonzalez
1521,2025-12-29,Nuñez,Campera de Abrigo,Indumentaria,4,32193.55,128774.2,Alfonsina Garcia
1679,2025-12-30,Nuñez,Cargador USB-C,Electrónica,3,6374.57,19123.71,Benjamin Nahiara Juarez Mansilla
319,2025-12-31,Nuñez,Cargador USB-C,Electrónica,3,6275.24,18825.72,Bruno Ruiz
